GDAY_DS,T_ID,VS_T_ID,PA,AB,RBI,RUN,HIT,H2,H3,HR,SB,CS,SF,BB,HP,KK,GD,OBP,win
20190402,HT,SS,42,33,3,4,7,4,2,0,2,0,1,6,2,9,0,0.357142857,1
20190402,SS,HT,36,34,1,1,6,2,0,0,2,0,0,2,0,8,1,0.222222222,0
20190402,KT,OB,34,29,0,0,5,2,0,0,0,0,0,3,2,3,3,0.294117647,0
20190402,OB,KT,40,33,9,9,10,6,0,1,2,0,2,5,0,5,1,0.375,1
20190402,LG,HH,34,30,2,2,6,0,0,0,2,0,0,4,0,10,3,0.294117647,0
20190402,HH,LG,37,30,5,6,6,4,0,1,2,0,1,5,1,6,0,0.324324324,1
20190402,LT,SK,42,36,5,5,10,6,0,1,2,1,0,4,2,7,0,0.380952381,1
20190402,SK,LT,35,33,0,0,7,2,0,0,2,1,0,2,0,9,0,0.257142857,0
20190402,WO,NC,44,38,8,8,13,2,2,1,2,0,0,6,0,12,1,0.431818182,1
20190402,NC,WO,40,35,5,6,11,4,0,0,8,0,2,2,1,6,2,0.35,0
20190403,HT,SS,39,35,3,3,9,4,0,0,0,0,1,3,0,13,1,0.307692308,0
20190403,SS,HT,32,27,6,6,3,4,0,1,4,0,1,2,2,4,0,0.21875,1
20190403,KT,OB,38,34,1,1,11,0,0,0,2,0,0,3,1,6,3,0.394736842,0
20190403,OB,KT,34,29,5,5,6,6,0,1,0,0,0,3,1,6,0,0.303030303,1
20190403,LG,HH,44,36,6,7,11,2,0,1,4,0,1,5,1,8,0,0.395348837,1
20190403,HH,LG,36,30,0,0,5,2,0,0,0,0,0,5,1,10,0,0.305555556,0
20190403,LT,SK,39,33,2,3,8,2,0,0,0,1,0,5,0,12,0,0.342105263,1
20190403,SK,LT,35,28,1,1,3,2,0,0,0,0,1,4,2,9,0,0.257142857,0
20190403,WO,NC,34,32,1,1,8,0,0,0,2,0,1,1,0,4,2,0.264705882,0
20190403,NC,WO,44,44,9,9,19,10,2,2,2,0,0,0,0,9,0,0.431818182,1
20190404,HT,SS,41,35,7,7,8,2,0,1,4,1,0,5,0,6,0,0.325,0
20190404,SS,HT,41,34,12,12,14,6,0,3,2,0,3,4,0,6,0,0.43902439,1
20190404,KT,OB,37,35,4,4,8,2,0,1,0,0,0,1,1,8,1,0.27027027,0
20190404,OB,KT,36,31,5,5,8,2,2,2,0,1,0,5,0,5,0,0.361111111,1
20190404,LG,HH,31,28,1,1,5,2,0,0,2,1,0,1,1,6,3,0.233333333,0
20190404,HH,LG,38,30,2,2,6,0,0,0,4,0,0,6,1,9,1,0.351351351,1
20190404,LT,SK,49,44,5,6,12,2,0,1,0,0,0,4,1,13,1,0.346938776,0
20190404,SK,LT,47,43,7,7,14,4,0,3,0,0,0,3,0,7,0,0.369565217,1
20190404,WO,NC,41,37,5,6,12,2,0,1,4,1,1,3,0,8,1,0.365853659,1
20190404,NC,WO,39,33,5,5,6,4,0,2,2,0,1,5,0,7,0,0.282051282,0
20190405,HH,LT,37,36,2,2,11,4,0,1,0,0,0,0,1,7,2,0.324324324,0
20190405,LT,HH,42,36,5,5,12,0,0,2,0,0,1,2,2,7,0,0.390243902,1
20190405,LG,KT,48,40,12,13,16,10,0,1,2,0,2,6,0,5,1,0.458333333,1
20190405,KT,LG,32,29,0,0,2,0,0,0,0,0,0,3,0,10,1,0.15625,0
20190405,NC,OB,37,35,7,7,10,2,0,4,0,0,0,1,1,3,1,0.324324324,1
20190405,OB,NC,36,34,3,3,8,0,0,1,0,0,0,1,1,9,1,0.277777778,0
20190405,SS,SK,38,35,0,0,8,2,0,0,2,0,0,3,0,7,0,0.289473684,0
20190405,SK,SS,38,33,3,3,9,2,0,0,2,0,0,4,1,7,1,0.368421053,1
20190405,WO,HT,43,37,4,4,11,2,0,1,2,0,0,6,0,11,1,0.395348837,0
20190405,HT,WO,37,35,5,6,11,8,2,1,0,0,0,2,0,9,1,0.351351351,1
20190406,HH,LT,41,37,7,7,11,6,0,1,8,0,1,3,0,13,0,0.341463415,0
20190406,LT,HH,36,31,8,9,8,4,2,0,4,0,0,5,0,3,1,0.361111111,1
20190406,LG,KT,37,30,1,1,7,2,0,1,0,1,0,6,1,1,3,0.378378378,0
20190406,KT,LG,32,28,2,2,4,0,0,0,0,0,0,3,1,6,0,0.25,1
20190406,NC,OB,39,34,5,6,9,10,0,0,0,0,1,2,2,6,1,0.333333333,1
20190406,OB,NC,43,38,5,5,11,6,0,0,0,0,0,4,1,5,0,0.372093023,0
20190406,SS,SK,31,30,1,1,3,4,0,0,2,0,1,0,0,8,0,0.096774194,0
20190406,SK,SS,34,31,2,2,8,0,0,0,0,0,1,1,0,10,0,0.272727273,1
20190406,WO,HT,54,40,13,14,14,8,0,0,2,0,2,11,1,6,0,0.481481481,1
20190406,HT,WO,38,34,4,4,8,0,0,1,2,0,1,3,0,8,0,0.289473684,0
20190407,HH,LT,39,36,16,16,19,6,0,2,0,0,0,3,0,7,2,0.564102564,1
20190407,LT,HH,23,23,1,1,5,0,0,1,2,0,0,0,0,8,0,0.217391304,0
20190407,LG,KT,36,30,3,3,5,0,0,2,0,0,0,5,0,3,1,0.285714286,0
20190407,KT,LG,34,32,4,4,8,2,0,1,4,0,0,2,0,5,1,0.294117647,1
20190407,NC,OB,41,36,5,5,12,6,0,0,0,1,1,3,0,5,1,0.375,1
20190407,OB,NC,37,33,2,3,8,2,2,1,0,1,0,4,0,7,1,0.324324324,0
20190407,SS,SK,43,35,2,2,9,6,0,0,2,0,0,7,0,6,0,0.380952381,0
20190407,SK,SS,34,31,3,3,7,2,0,2,2,0,0,3,0,6,1,0.294117647,1
20190409,KT,WO,39,36,3,3,9,0,0,1,0,0,0,2,1,9,0,0.307692308,0
20190409,WO,KT,43,30,7,7,9,4,0,1,2,2,1,12,0,8,1,0.488372093,1
20190410,KT,WO,38,35,2,2,8,2,0,0,2,0,0,3,0,7,0,0.289473684,0
20190410,WO,KT,36,29,4,4,7,2,2,1,4,0,0,5,2,7,2,0.388888889,1
20190410,NC,HT,38,34,1,1,8,4,0,0,0,3,0,4,0,6,2,0.315789474,0
20190410,HT,NC,40,33,2,2,9,4,0,1,2,2,1,3,2,6,0,0.358974359,1
20190410,OB,LT,35,31,1,3,6,2,2,0,2,1,0,3,0,5,1,0.264705882,1
20190410,LT,OB,37,34,1,1,6,2,0,1,0,0,0,2,1,12,0,0.243243243,0
20190410,SK,HH,41,36,7,8,11,4,0,1,0,0,0,4,1,7,1,0.390243902,1
20190410,HH,SK,37,36,2,3,9,2,0,0,0,0,0,1,0,8,1,0.27027027,0
20190410,SS,LG,37,33,5,6,6,2,2,0,2,0,0,3,1,12,1,0.27027027,1
20190410,LG,SS,37,32,5,5,7,4,0,1,2,0,1,4,0,4,1,0.297297297,0
20190411,KT,WO,40,38,5,8,13,4,0,2,4,0,1,1,0,9,1,0.35,1
20190411,WO,KT,34,32,1,1,5,2,0,1,0,0,0,2,0,7,0,0.205882353,0
20190411,NC,HT,38,36,4,4,12,4,0,0,0,1,0,0,1,9,1,0.351351351,1
20190411,HT,NC,37,34,2,2,9,6,0,0,2,0,0,3,0,9,2,0.324324324,0
20190411,OB,LT,40,36,5,5,11,2,0,0,4,0,1,3,0,6,0,0.35,1
20190411,LT,OB,37,35,1,1,10,4,0,1,0,0,0,2,0,9,2,0.324324324,0
20190411,SK,HH,35,33,1,1,8,4,0,0,0,1,0,2,0,9,1,0.285714286,1
20190411,HH,SK,31,31,0,0,5,0,0,0,2,0,0,0,0,8,1,0.161290323,0
20190411,SS,LG,32,28,2,2,6,0,0,1,0,0,0,2,1,6,4,0.290322581,0
20190411,LG,SS,36,34,4,5,10,4,2,1,4,0,0,2,0,6,0,0.333333333,1
20190412,HH,WO,33,32,3,3,9,4,0,1,0,0,0,1,0,7,4,0.303030303,0
20190412,WO,HH,38,32,5,5,11,6,2,1,2,0,0,5,1,7,2,0.447368421,1
20190412,HT,SK,50,46,3,4,12,4,0,0,2,0,1,2,0,10,1,0.285714286,0.5
20190412,SK,HT,61,45,4,4,10,2,2,0,2,0,0,11,4,11,0,0.416666667,0.5
20190412,KT,SS,30,29,0,0,2,0,0,0,0,0,0,0,1,13,0,0.1,0
20190412,SS,KT,37,30,4,5,8,2,0,0,2,1,0,6,1,3,2,0.405405405,1
20190412,LT,NC,34,33,1,1,8,0,0,0,0,0,0,1,0,6,2,0.264705882,0
20190412,NC,LT,31,28,2,2,6,2,0,1,0,2,0,3,0,10,0,0.290322581,1
20190412,OB,LG,34,31,0,0,7,2,0,0,0,0,0,3,0,9,2,0.294117647,0
20190412,LG,OB,33,30,3,3,10,0,0,0,2,1,1,1,0,5,1,0.34375,1
20190413,HH,WO,39,36,3,3,12,2,2,0,2,0,0,2,0,7,2,0.368421053,0
20190413,WO,HH,40,35,5,5,12,6,0,0,4,0,0,5,0,5,1,0.425,1
20190413,HT,SK,36,33,6,6,8,2,0,2,0,0,1,1,1,5,1,0.277777778,1
20190413,SK,HT,44,35,4,4,8,4,0,2,4,0,0,8,1,8,0,0.386363636,0
20190413,KT,SS,38,35,4,5,12,2,0,1,2,2,0,2,0,4,0,0.378378378,1
20190413,SS,KT,40,33,3,3,6,6,0,1,0,0,0,6,1,7,1,0.325,0
20190413,LT,NC,39,36,5,5,10,0,0,2,0,0,0,3,0,10,0,0.333333333,0
20190413,NC,LT,42,35,7,7,12,8,0,1,0,0,0,7,0,6,1,0.452380952,1
20190413,OB,LG,41,34,2,2,6,0,0,1,2,0,0,6,1,8,0,0.317073171,0
20190413,LG,OB,41,37,5,5,13,4,0,0,2,0,0,4,0,4,1,0.414634146,1
20190414,HH,WO,45,40,3,3,11,4,0,1,0,0,0,4,1,13,1,0.355555556,1
20190414,WO,HH,40,39,2,2,11,6,0,0,2,1,0,1,0,9,0,0.3,0
20190414,HT,SK,37,35,4,4,9,2,0,2,0,0,0,2,0,6,0,0.297297297,1
20190414,SK,HT,36,31,2,2,6,0,0,0,2,0,0,4,1,7,2,0.305555556,0
20190414,KT,SS,47,42,12,12,15,6,0,1,0,0,0,5,0,10,1,0.425531915,0
20190414,SS,KT,42,35,13,14,15,0,2,3,4,1,1,5,0,5,1,0.487804878,1
20190414,LT,NC,37,36,1,1,9,2,0,0,0,0,0,0,1,6,1,0.27027027,0
20190414,NC,LT,40,32,7,8,10,4,0,2,0,0,1,6,1,5,2,0.425,1
20190414,OB,LG,45,37,6,8,13,4,0,0,6,0,2,4,2,3,1,0.422222222,1
20190414,LG,OB,30,29,0,0,5,2,0,0,0,0,0,1,0,5,2,0.2,0
20190416,HH,KT,36,32,2,2,7,4,0,0,0,1,0,4,0,4,2,0.305555556,0
20190416,KT,HH,29,24,4,4,5,0,0,1,2,3,0,4,0,6,2,0.321428571,1
20190416,HT,LT,47,38,9,9,13,2,2,0,0,1,0,9,0,9,1,0.468085106,0
20190416,LT,HT,42,38,9,10,15,8,0,0,0,0,1,3,0,7,0,0.428571429,1
20190416,LG,NC,49,40,7,7,9,0,0,0,2,0,1,4,3,8,1,0.333333333,1
20190416,NC,LG,43,39,0,2,6,0,0,0,0,0,0,3,1,7,1,0.23255814,0
20190416,SK,OB,36,36,3,3,8,0,0,0,0,0,0,0,0,6,0,0.222222222,0
20190416,OB,SK,40,32,7,8,15,2,0,1,4,1,1,5,0,6,1,0.526315789,1
20190416,WO,SS,42,36,4,4,10,6,0,1,4,2,0,6,0,7,0,0.380952381,1
20190416,SS,WO,34,32,0,0,5,0,0,0,0,0,0,2,0,8,0,0.205882353,0
20190417,HH,KT,41,32,8,8,8,6,0,0,8,0,2,7,0,10,1,0.365853659,1
20190417,KT,HH,40,37,5,5,11,4,0,1,0,0,0,3,0,9,1,0.35,0
20190417,HT,LT,47,42,6,6,14,4,0,2,2,0,1,4,0,13,0,0.382978723,0
20190417,LT,HT,48,41,7,8,16,2,2,2,0,0,0,4,1,7,0,0.456521739,1
20190417,LG,NC,56,47,3,4,13,4,0,0,2,0,0,6,1,14,0,0.37037037,1
20190417,NC,LG,51,44,2,2,10,6,2,0,0,0,0,5,2,11,3,0.333333333,0
20190417,SK,OB,36,33,2,3,7,2,0,1,0,0,0,3,0,7,0,0.277777778,0
20190417,OB,SK,42,33,11,12,12,4,0,1,0,0,3,6,0,5,2,0.428571429,1
20190417,WO,SS,39,35,5,5,11,6,0,0,0,0,1,3,0,3,1,0.358974359,1
20190417,SS,WO,35,31,3,3,4,2,0,1,0,0,1,3,0,8,0,0.2,0
20190418,HH,KT,40,36,5,5,10,8,0,1,0,0,0,3,1,6,0,0.35,0
20190418,KT,HH,36,33,6,6,10,4,4,1,2,0,0,3,0,5,2,0.361111111,1
20190418,HT,LT,43,38,9,9,11,2,0,2,0,0,0,5,0,7,0,0.372093023,0
20190418,LT,HT,46,36,9,10,13,8,4,1,0,0,2,7,1,6,0,0.456521739,1
20190418,LG,NC,38,38,5,6,9,4,0,2,0,1,0,0,0,11,0,0.236842105,1
20190418,NC,LG,34,32,1,1,8,0,0,0,0,0,0,2,0,10,2,0.294117647,0
20190418,SK,OB,38,34,3,4,8,0,0,0,4,0,0,3,0,8,0,0.297297297,1
20190418,OB,SK,39,34,3,3,9,6,2,0,0,0,1,4,0,5,2,0.333333333,0
20190418,WO,SS,45,38,4,4,8,4,2,0,0,0,1,5,0,6,3,0.295454545,0
20190418,SS,WO,48,42,5,5,14,10,2,0,0,0,0,4,0,11,0,0.391304348,1
20190419,KT,LT,40,35,4,6,10,4,0,0,4,1,0,4,0,6,0,0.358974359,1
20190419,LT,KT,41,33,2,5,6,2,0,0,0,1,0,8,0,5,0,0.341463415,0
20190419,NC,SK,50,45,14,14,21,10,0,3,0,0,0,3,0,7,1,0.5,1
20190419,SK,NC,46,40,11,11,11,4,4,2,0,0,0,5,1,12,0,0.369565217,0
20190419,OB,HT,45,33,8,8,7,8,2,1,0,1,1,9,2,4,0,0.4,1
20190419,HT,OB,47,38,5,6,14,6,2,1,2,0,0,6,1,7,1,0.466666667,0
20190419,SS,HH,51,46,3,3,13,2,0,2,6,0,0,5,0,13,0,0.352941176,0
20190419,HH,SS,42,33,4,4,8,2,0,1,0,1,2,5,0,9,2,0.325,1
20190419,WO,LG,48,40,13,13,15,8,0,1,2,0,1,6,1,8,1,0.458333333,1
20190419,LG,WO,37,36,3,3,10,2,0,0,2,0,0,1,0,10,1,0.297297297,0
20190420,KT,LT,45,36,4,4,9,2,0,1,2,0,1,7,0,9,0,0.363636364,0
20190420,LT,KT,40,33,5,5,8,2,0,1,0,0,1,5,0,10,1,0.333333333,1
20190420,NC,SK,38,35,4,4,10,4,0,1,0,0,1,1,1,7,0,0.315789474,0
20190420,SK,NC,41,38,10,10,15,6,0,3,0,0,1,1,1,5,0,0.414634146,1
20190420,OB,HT,46,35,10,10,14,6,4,1,2,0,2,9,0,3,2,0.5,1
20190420,HT,OB,34,30,1,1,5,4,0,0,0,1,1,3,0,4,0,0.235294118,0
20190420,SS,HH,43,38,5,5,12,8,0,0,0,0,2,3,0,8,0,0.348837209,0
20190420,HH,SS,40,36,12,12,12,8,0,1,2,0,1,3,0,6,0,0.375,1
20190420,WO,LG,40,35,7,7,10,4,0,0,4,0,0,3,1,8,1,0.358974359,1
20190420,LG,WO,36,34,3,3,8,2,0,0,0,1,0,2,0,5,0,0.277777778,0
20190421,KT,LT,44,37,6,6,11,6,0,2,0,0,0,6,0,7,0,0.395348837,1
20190421,LT,KT,37,30,3,3,7,0,0,0,0,0,0,5,0,7,1,0.342857143,0
20190421,NC,SK,34,31,0,1,7,4,0,0,2,0,0,2,1,8,3,0.294117647,0
20190421,SK,NC,36,32,4,4,9,2,0,2,0,0,0,4,0,7,1,0.361111111,1
20190421,OB,HT,43,34,9,9,10,2,0,2,0,1,1,6,2,6,1,0.418604651,1
20190421,HT,OB,35,32,1,2,6,6,0,0,0,0,1,2,0,4,0,0.228571429,0
20190421,SS,HH,51,47,16,16,23,12,4,1,2,0,1,3,0,3,2,0.509803922,1
20190421,HH,SS,29,27,0,0,0,0,0,0,0,1,0,1,1,13,0,0.068965517,0
20190421,WO,LG,35,33,2,3,8,0,0,0,2,1,0,1,1,4,1,0.285714286,0
20190421,LG,WO,36,29,4,5,7,6,0,0,2,1,1,4,1,6,0,0.342857143,1
20190423,HT,LG,33,29,2,2,3,4,0,0,0,0,0,2,2,6,1,0.212121212,0
20190423,LG,HT,40,31,8,9,9,4,2,1,4,0,0,9,0,3,1,0.45,1
20190423,NC,KT,38,33,3,4,9,4,0,0,0,0,1,1,2,2,1,0.324324324,1
20190423,KT,NC,38,35,3,3,8,2,0,0,2,0,0,3,0,6,0,0.289473684,0
20190423,OB,WO,41,38,9,9,13,8,2,1,0,1,1,2,0,6,0,0.365853659,1
20190423,WO,OB,36,35,3,3,8,4,2,0,2,0,0,1,0,5,0,0.25,0
20190424,HT,LG,35,32,2,3,6,6,0,0,2,0,0,3,0,9,1,0.257142857,0
20190424,LG,HT,39,37,9,10,14,6,2,0,0,0,1,1,0,4,2,0.384615385,1
20190424,LT,HH,46,40,3,4,12,2,0,0,0,1,0,5,1,10,3,0.391304348,0
20190424,HH,LT,42,37,5,5,9,4,0,1,0,1,0,4,0,8,3,0.317073171,1
20190424,NC,KT,43,38,9,10,12,10,0,3,0,1,1,2,1,5,0,0.357142857,1
20190424,KT,NC,32,31,1,2,6,2,0,0,0,0,0,0,1,5,3,0.21875,0
20190424,OB,WO,34,32,3,3,6,4,0,1,0,0,0,2,0,6,1,0.235294118,0
20190424,WO,OB,38,36,8,8,13,8,2,1,2,0,0,2,0,6,1,0.394736842,1
20190424,SK,SS,51,42,8,9,12,8,0,3,2,0,1,8,0,6,2,0.392156863,1
20190424,SS,SK,56,47,7,8,16,6,0,0,4,0,0,7,0,12,1,0.425925926,0
20190425,OB,WO,41,37,6,6,11,6,0,2,0,0,0,4,0,6,1,0.365853659,0
20190425,WO,OB,44,40,7,9,16,6,0,1,0,0,0,3,1,5,0,0.454545455,1
20190425,SK,SS,43,37,4,4,8,2,0,0,4,0,2,4,0,11,0,0.279069767,1
20190425,SS,SK,48,39,3,3,12,6,0,0,4,0,0,5,1,11,0,0.4,0
20190426,HT,WO,42,40,4,4,14,6,2,0,0,0,0,2,0,6,1,0.380952381,0
20190426,WO,HT,41,31,7,8,8,4,2,0,0,0,3,6,1,8,0,0.365853659,1
20190426,LT,OB,44,35,8,8,8,2,2,0,0,0,1,7,1,7,1,0.363636364,0
20190426,OB,LT,42,37,9,11,12,4,2,0,2,0,1,3,1,11,0,0.380952381,1
20190426,SK,KT,39,32,2,2,6,2,0,0,4,0,0,6,1,3,1,0.333333333,1
20190426,KT,SK,32,31,0,0,5,0,0,0,0,0,0,1,0,7,1,0.1875,0
20190427,HH,NC,37,30,0,1,4,0,0,0,0,0,0,6,1,7,2,0.297297297,0
20190427,NC,HH,47,44,14,15,22,14,0,2,2,0,1,1,1,8,0,0.510638298,1
20190427,HT,WO,42,33,4,6,9,4,0,0,0,0,1,7,0,7,1,0.390243902,1
20190427,WO,HT,36,35,4,4,8,4,0,2,2,0,0,1,0,8,0,0.25,0
20190427,LG,SS,45,37,8,8,12,4,0,2,0,1,0,6,1,8,0,0.431818182,1
20190427,SS,LG,35,32,0,0,7,2,0,0,2,0,0,3,0,5,1,0.285714286,0
20190427,LT,OB,33,32,0,0,5,0,0,0,0,0,0,1,0,6,0,0.181818182,0
20190427,OB,LT,41,32,5,7,10,6,0,0,2,0,1,7,1,13,1,0.43902439,1
20190427,SK,KT,30,30,2,2,4,2,0,2,0,1,0,0,0,10,0,0.133333333,1
20190427,KT,SK,38,34,1,1,8,2,0,0,0,0,1,3,0,9,0,0.289473684,0
20190428,HH,NC,38,36,4,4,9,2,0,2,0,0,0,2,0,11,0,0.289473684,0
20190428,NC,HH,41,35,10,10,11,0,0,2,2,0,0,5,1,9,1,0.414634146,1
20190428,HT,WO,43,40,5,5,14,4,0,0,6,1,0,3,0,7,0,0.395348837,0
20190428,WO,HT,44,39,12,13,16,6,0,1,0,0,0,5,0,5,1,0.477272727,1
20190428,LG,SS,34,31,2,2,6,2,2,1,2,0,0,2,1,7,2,0.264705882,1
20190428,SS,LG,34,30,1,1,6,2,0,0,0,1,1,1,1,11,0,0.242424242,0
20190428,LT,OB,33,33,2,2,7,0,2,0,0,0,0,0,0,2,1,0.212121212,0
20190428,OB,LT,47,35,9,9,10,4,0,3,2,0,1,9,2,6,0,0.446808511,1
20190428,SK,KT,38,34,3,3,9,2,0,0,0,0,0,4,0,6,0,0.342105263,1
20190428,KT,SK,31,31,0,0,5,0,0,0,0,0,0,0,0,9,1,0.161290323,0
20190430,KT,LG,54,47,9,9,15,8,0,3,2,0,1,6,0,5,0,0.388888889,0
20190430,LG,KT,55,46,10,10,19,4,0,2,4,1,1,7,0,4,3,0.481481481,1
20190430,NC,LT,35,30,1,1,4,2,0,0,2,0,0,4,1,10,1,0.257142857,0
20190430,LT,NC,35,32,6,6,9,6,0,1,0,0,0,2,1,6,1,0.342857143,1
20190430,OB,HH,32,30,1,1,7,0,0,0,2,1,0,2,0,5,2,0.28125,0
20190430,HH,OB,32,26,2,2,5,2,0,1,2,0,0,4,1,5,1,0.322580645,1
20190430,SS,HT,35,33,0,0,6,6,0,0,0,1,0,1,1,6,0,0.228571429,0
20190430,HT,SS,37,34,8,8,9,2,0,1,0,0,0,3,0,7,0,0.324324324,1
20190430,WO,SK,53,50,15,15,23,6,0,3,0,0,0,3,0,6,0,0.490566038,1
20190430,SK,WO,38,34,5,5,8,4,0,1,2,0,0,3,1,6,0,0.315789474,0
20190501,KT,LG,32,29,1,2,6,2,0,0,0,1,0,3,0,7,3,0.28125,0
20190501,LG,KT,32,31,3,3,7,4,0,0,0,0,0,0,0,6,0,0.225806452,1
20190501,NC,LT,49,39,9,9,18,8,0,1,0,0,2,6,1,4,2,0.520833333,1
20190501,LT,NC,40,35,5,5,8,4,2,1,2,1,0,5,0,7,0,0.325,0
20190501,OB,HH,39,32,1,1,7,0,0,0,0,1,0,6,1,6,1,0.358974359,0
20190501,HH,OB,32,26,4,4,5,8,0,0,0,0,0,4,1,4,1,0.322580645,1
20190501,SS,HT,44,37,8,10,15,12,0,1,4,0,2,4,1,3,3,0.454545455,1
20190501,HT,SS,39,37,2,2,11,2,2,0,0,0,0,2,0,5,1,0.333333333,0
20190501,WO,SK,32,29,0,0,6,4,0,0,2,0,0,2,1,6,4,0.28125,0
20190501,SK,WO,29,28,2,2,5,2,0,0,4,0,0,1,0,3,2,0.206896552,1
20190502,KT,LG,40,37,4,4,10,2,0,0,6,0,0,3,0,9,0,0.325,0
20190502,LG,KT,39,37,4,5,15,4,2,2,0,0,0,2,0,5,0,0.435897436,1
20190502,NC,LT,55,44,6,7,12,2,0,2,2,1,1,6,1,9,0,0.365384615,1
20190502,LT,NC,49,43,6,6,6,0,2,1,2,0,0,5,0,15,1,0.229166667,0
20190502,OB,HH,39,34,4,5,9,2,2,0,0,1,0,5,0,9,1,0.358974359,1
20190502,HH,OB,41,36,4,4,9,6,0,0,6,0,1,4,0,5,0,0.317073171,0
20190502,SS,HT,33,31,1,1,5,0,0,0,0,0,1,1,0,5,0,0.181818182,0
20190502,HT,SS,38,32,7,8,10,2,0,1,0,0,1,4,1,3,1,0.394736842,1
20190502,WO,SK,46,41,10,10,16,4,0,2,0,0,0,4,1,3,2,0.456521739,1
20190502,SK,WO,42,39,8,8,12,0,0,1,0,0,0,3,0,7,0,0.357142857,0
20190503,HT,NC,43,35,8,8,9,2,0,2,2,0,0,7,1,4,1,0.395348837,1
20190503,NC,HT,39,34,4,4,9,2,0,3,0,0,0,5,0,11,1,0.358974359,0
20190503,KT,HH,37,34,5,5,8,2,0,2,0,0,0,2,0,7,0,0.277777778,1
20190503,HH,KT,37,33,3,4,7,2,2,0,0,0,0,3,0,11,0,0.277777778,0
20190503,LG,OB,38,37,2,2,13,0,0,1,0,0,0,0,1,8,1,0.368421053,0
20190503,OB,LG,41,38,7,7,15,2,0,2,0,0,0,3,0,11,1,0.43902439,1
20190503,SK,LT,49,45,10,11,16,6,0,1,2,0,0,2,1,7,0,0.395833333,1
20190503,LT,SK,45,41,6,7,15,4,0,0,2,0,0,3,1,12,1,0.422222222,0
20190503,SS,WO,38,35,3,3,8,2,6,1,2,0,0,3,0,10,0,0.289473684,0
20190503,WO,SS,42,37,8,8,13,6,0,0,2,0,0,5,0,9,0,0.428571429,1
20190504,HT,NC,31,30,1,1,5,0,0,0,0,0,0,1,0,7,2,0.193548387,0
20190504,NC,HT,35,32,4,4,8,0,0,1,4,0,0,2,1,6,0,0.314285714,1
20190504,KT,HH,43,40,9,9,14,10,0,0,2,0,0,3,0,7,0,0.395348837,0
20190504,HH,KT,47,40,9,10,16,6,0,2,6,0,1,4,2,5,1,0.468085106,1
20190504,LG,OB,38,34,1,2,8,2,0,0,2,1,0,2,1,4,0,0.297297297,0
20190504,OB,LG,36,34,2,3,9,10,0,0,0,0,0,2,0,3,0,0.305555556,1
20190504,SK,LT,43,39,10,10,14,2,2,3,2,1,1,2,1,5,0,0.395348837,1
20190504,LT,SK,42,35,4,4,8,4,0,0,2,0,0,6,1,6,0,0.357142857,0
20190504,SS,WO,38,33,3,3,10,4,0,0,2,0,0,2,2,8,3,0.378378378,1
20190504,WO,SS,31,28,1,1,4,2,0,0,0,0,0,2,1,5,2,0.225806452,0
20190505,HT,NC,37,34,2,3,7,2,0,0,2,0,1,2,0,5,0,0.243243243,0
20190505,NC,HT,47,41,10,10,17,0,2,0,0,0,0,4,2,5,1,0.489361702,1
20190505,KT,HH,37,30,4,4,7,2,0,1,0,1,0,6,0,5,2,0.361111111,0
20190505,HH,KT,35,30,6,6,8,4,0,0,0,2,0,5,0,6,0,0.371428571,1
20190505,LG,OB,36,34,2,2,8,0,2,0,2,0,1,1,0,5,1,0.25,0
20190505,OB,LG,44,40,11,11,16,10,0,0,0,0,1,3,0,5,0,0.431818182,1
20190505,SK,LT,39,36,4,4,7,0,0,2,2,0,0,3,0,7,0,0.256410256,1
20190505,LT,SK,35,32,3,3,5,4,0,1,0,0,0,2,1,17,0,0.228571429,0
20190505,SS,WO,33,32,2,2,5,2,0,0,0,0,0,1,0,6,0,0.181818182,0
20190505,WO,SS,44,38,11,12,17,10,4,0,0,0,0,4,2,5,3,0.522727273,1
20190507,HH,SK,34,32,2,2,7,4,0,1,0,1,0,2,0,10,2,0.264705882,0
20190507,SK,HH,44,36,10,11,12,6,0,2,4,0,0,7,1,10,0,0.454545455,1
20190507,HT,OB,39,32,3,3,8,4,0,0,0,1,0,5,0,1,0,0.351351351,0
20190507,OB,HT,37,32,4,4,6,0,2,0,2,0,1,3,1,9,0,0.27027027,1
20190507,LG,WO,48,43,11,12,18,4,0,0,6,3,0,4,0,9,0,0.468085106,1
20190507,WO,LG,46,39,10,10,12,8,0,2,2,0,0,5,2,5,0,0.413043478,0
20190507,LT,KT,35,33,2,2,10,6,2,0,0,0,0,2,0,5,2,0.342857143,0
20190507,KT,LT,41,30,7,7,10,4,0,0,2,0,1,8,1,5,1,0.475,1
20190507,NC,SS,40,34,3,3,7,2,0,2,0,1,0,6,0,7,0,0.325,0
20190507,SS,NC,33,29,6,6,6,2,0,2,0,1,1,3,0,9,1,0.272727273,1
20190508,HH,SK,35,33,2,2,6,4,0,1,0,0,0,2,0,11,0,0.228571429,0
20190508,SK,HH,51,44,16,17,19,8,0,3,2,0,0,5,2,8,1,0.509803922,1
20190508,HT,OB,32,28,0,0,3,0,0,0,0,1,0,4,0,5,1,0.21875,0
20190508,OB,HT,33,31,1,1,8,2,0,0,0,0,0,2,0,8,1,0.303030303,1
20190508,LG,WO,34,32,0,0,6,4,0,0,0,0,0,2,0,4,1,0.235294118,0
20190508,WO,LG,40,34,6,6,10,6,0,2,4,0,0,5,1,3,0,0.4,1
20190508,LT,KT,39,37,4,4,11,6,0,0,0,0,0,2,0,6,1,0.333333333,0
20190508,KT,LT,38,32,5,5,8,4,0,0,2,0,0,6,0,8,0,0.368421053,1
20190508,NC,SS,28,28,0,0,2,0,0,0,0,1,0,0,0,4,0,0.071428571,0
20190508,SS,NC,29,29,2,2,5,2,0,1,2,0,0,0,0,7,0,0.172413793,1
20190509,HH,SK,39,37,6,6,10,2,0,3,2,0,0,2,0,10,0,0.307692308,1
20190509,SK,HH,41,36,1,1,10,0,0,0,0,1,0,3,1,6,0,0.35,0
20190509,HT,OB,42,37,5,5,12,10,0,0,4,0,1,3,1,11,1,0.380952381,1
20190509,OB,HT,37,34,3,3,9,2,0,0,4,0,1,2,0,4,2,0.297297297,0
20190509,LG,WO,36,34,1,1,7,4,0,0,0,0,0,0,2,9,0,0.25,0
20190509,WO,LG,31,30,2,2,6,2,0,0,4,0,0,1,0,3,0,0.225806452,1
20190509,LT,KT,52,48,13,13,22,6,2,1,0,0,0,2,2,5,0,0.5,1
20190509,KT,LT,51,41,6,6,16,6,0,0,0,0,1,6,3,7,1,0.490196078,0
20190509,NC,SS,43,35,4,4,10,4,0,0,0,1,1,6,1,8,1,0.395348837,0
20190509,SS,NC,41,33,6,6,10,2,0,2,0,0,0,7,1,4,1,0.43902439,1
20190510,HH,LG,40,36,5,5,8,2,0,0,2,0,0,1,3,11,0,0.3,1
20190510,LG,HH,32,31,1,2,4,0,0,0,2,0,0,1,0,6,1,0.15625,0
20190510,LT,SS,48,43,11,12,18,4,0,2,0,1,1,3,0,5,1,0.446808511,1
20190510,SS,LT,40,31,5,5,4,2,0,1,6,0,0,9,0,6,1,0.325,0
20190510,OB,NC,44,37,10,11,13,2,2,2,0,1,0,7,0,6,2,0.454545455,0
20190510,NC,OB,46,40,12,12,17,12,0,3,2,0,1,1,1,2,0,0.441860465,1
20190510,SK,HT,36,32,4,4,6,2,0,1,4,0,0,4,0,4,1,0.277777778,1
20190510,HT,SK,36,33,1,1,8,4,2,0,0,0,1,2,0,7,0,0.277777778,0
20190510,WO,KT,37,32,6,6,6,2,0,0,2,1,1,4,0,8,0,0.27027027,0
20190510,KT,WO,37,32,6,7,9,0,0,0,0,0,1,2,1,6,0,0.333333333,1
20190511,HH,LG,39,34,2,4,8,2,2,0,6,0,1,4,0,6,0,0.307692308,0
20190511,LG,HH,34,29,5,6,7,2,0,1,4,0,0,4,0,6,1,0.333333333,1
20190511,LT,SS,35,33,2,2,5,0,0,0,0,0,0,2,0,10,1,0.2,0
20190511,SS,LT,39,32,9,9,10,4,0,0,4,0,1,5,0,6,0,0.394736842,1
20190511,OB,NC,44,38,12,12,14,4,0,3,0,0,1,5,0,7,2,0.431818182,1
20190511,NC,OB,37,33,0,0,7,2,0,0,0,1,0,2,2,10,1,0.297297297,0
20190511,SK,HT,44,41,8,10,15,4,0,2,4,0,0,2,1,4,2,0.409090909,1
20190511,HT,SK,36,34,3,3,7,0,2,1,0,0,0,2,0,3,1,0.25,0
20190511,WO,KT,43,41,5,6,15,0,0,2,2,1,0,1,1,9,1,0.395348837,1
20190511,KT,WO,36,33,2,2,7,4,0,0,0,0,0,0,2,14,0,0.257142857,0
20190512,HH,LG,32,28,0,0,2,0,0,0,0,0,0,3,1,6,1,0.1875,0
20190512,LG,HH,35,31,2,2,10,4,0,0,0,1,0,2,2,3,1,0.4,1
20190512,LT,SS,54,42,10,10,15,2,0,3,4,0,1,8,2,9,1,0.471698113,1
20190512,SS,LT,55,42,8,9,15,4,0,1,2,0,1,9,2,10,1,0.481481481,0
20190512,OB,NC,36,32,3,3,7,6,0,1,2,1,0,4,0,5,1,0.305555556,1
20190512,NC,OB,33,32,2,2,7,6,0,1,0,1,0,1,0,6,1,0.242424242,0
20190512,SK,HT,37,30,4,4,7,2,0,1,6,2,1,6,0,4,0,0.351351351,1
20190512,HT,SK,42,36,3,3,11,6,0,0,2,1,0,5,0,8,0,0.390243902,0
20190512,WO,KT,32,30,3,3,5,0,0,1,0,0,1,1,0,5,1,0.1875,0
20190512,KT,WO,41,37,9,9,16,10,0,1,0,0,1,2,0,4,0,0.45,1
20190514,KT,HT,43,39,6,6,13,2,2,1,4,0,0,3,1,9,0,0.395348837,1
20190514,HT,KT,30,29,0,1,2,0,0,0,0,1,0,1,0,5,0,0.1,0
20190514,LG,LT,31,29,0,0,3,0,0,0,2,1,0,2,0,8,0,0.161290323,0
20190514,LT,LG,29,28,4,4,5,0,0,3,0,1,0,1,0,6,1,0.206896552,1
20190514,SK,NC,34,32,2,2,8,0,0,0,0,1,1,0,1,4,1,0.264705882,0
20190514,NC,SK,42,39,8,8,15,4,2,2,2,0,0,2,1,6,0,0.428571429,1
20190514,SS,OB,43,32,4,4,7,0,0,1,2,1,1,7,2,3,2,0.380952381,1
20190514,OB,SS,45,40,3,3,11,4,4,1,4,0,0,5,0,11,0,0.355555556,0
20190514,WO,HH,37,33,3,3,8,2,0,0,0,0,1,2,1,3,1,0.297297297,0
20190514,HH,WO,37,30,6,7,8,4,0,2,4,1,0,7,0,5,0,0.405405405,1
20190515,KT,HT,47,41,7,7,15,6,2,1,2,1,0,4,2,9,0,0.446808511,1
20190515,HT,KT,36,34,3,4,7,4,0,0,2,0,0,2,0,9,0,0.25,0
20190515,LG,LT,48,40,4,4,13,6,0,1,2,1,0,8,0,12,0,0.4375,0
20190515,LT,LG,35,33,7,8,10,6,0,1,0,0,0,1,1,7,1,0.342857143,1
20190515,SK,NC,41,35,7,7,10,8,0,1,0,0,1,5,0,9,1,0.365853659,1
20190515,NC,SK,35,34,2,3,7,2,0,1,0,0,0,1,0,10,1,0.228571429,0
20190515,SS,OB,29,28,1,1,1,0,0,1,0,0,0,1,0,11,0,0.068965517,0
20190515,OB,SS,34,27,3,3,7,2,0,0,6,0,2,4,0,5,1,0.333333333,1
20190515,WO,HH,49,40,2,4,9,6,0,0,0,1,0,7,1,9,1,0.354166667,0
20190515,HH,WO,39,39,5,5,9,2,0,2,2,0,0,0,0,9,1,0.230769231,1
20190516,KT,HT,39,37,6,6,12,2,0,3,2,0,0,2,0,6,2,0.358974359,1
20190516,HT,KT,39,33,3,3,6,4,0,0,0,0,1,4,1,2,0,0.282051282,0
20190516,LG,LT,39,34,3,3,8,2,0,0,0,0,1,3,1,12,0,0.307692308,1
20190516,LT,LG,36,33,2,2,6,2,0,0,0,0,0,3,0,8,0,0.25,0
20190516,SK,NC,39,34,2,2,9,2,0,0,2,0,1,1,3,12,0,0.333333333,0
20190516,NC,SK,36,32,4,5,10,4,0,0,2,1,0,4,0,5,1,0.388888889,1
20190516,SS,OB,31,29,1,1,5,2,0,0,2,1,1,0,1,4,1,0.193548387,0
20190516,OB,SS,34,33,4,4,6,2,0,0,4,0,0,1,0,4,0,0.205882353,1
20190516,WO,HH,40,37,5,6,11,2,0,1,2,0,0,2,1,7,1,0.35,0
20190516,HH,WO,45,39,15,15,18,2,0,2,2,1,0,6,0,8,1,0.533333333,1
20190517,HT,HH,41,36,5,5,10,6,0,1,2,0,1,4,0,8,0,0.341463415,1
20190517,HH,HT,34,32,0,2,4,2,0,0,2,0,0,1,1,10,0,0.176470588,0
20190517,LT,WO,32,30,0,0,3,0,0,0,0,0,0,2,0,8,1,0.15625,0
20190517,WO,LT,35,31,7,7,9,2,4,0,0,0,0,3,1,4,1,0.371428571,1
20190517,NC,LG,48,42,13,13,16,10,2,1,4,0,0,3,2,3,0,0.446808511,1
20190517,LG,NC,36,33,2,2,7,0,0,0,0,0,0,3,0,10,1,0.277777778,0
20190517,OB,SK,41,38,3,3,14,0,0,1,0,1,0,2,0,7,0,0.4,1
20190517,SK,OB,34,31,1,1,4,0,0,0,0,0,0,3,0,7,1,0.205882353,0
20190517,SS,KT,51,43,14,14,20,4,2,1,0,1,1,3,2,4,0,0.510204082,1
20190517,KT,SS,36,34,3,3,8,2,0,2,0,0,0,2,0,11,1,0.277777778,0
20190518,HT,HH,35,33,2,2,8,4,0,1,0,0,0,1,1,10,1,0.285714286,0
20190518,HH,HT,38,31,5,5,7,4,0,1,2,0,0,5,1,2,0,0.351351351,1
20190518,LT,WO,35,35,1,1,6,2,0,0,0,0,0,0,0,8,0,0.171428571,0
20190518,WO,LT,44,37,13,13,14,0,0,3,0,0,0,6,1,4,1,0.477272727,1
20190518,NC,LG,45,39,9,9,14,2,0,1,6,0,2,2,1,7,1,0.386363636,1
20190518,LG,NC,37,34,2,3,6,4,0,0,0,0,0,3,0,4,0,0.243243243,0
20190518,OB,SK,51,44,9,10,13,4,0,2,4,0,1,2,3,9,1,0.36,1
20190518,SK,OB,47,46,4,5,13,0,0,0,2,0,0,0,1,12,1,0.29787234,0
20190518,SS,KT,32,31,0,0,7,0,0,0,2,0,0,0,0,3,1,0.225806452,0
20190518,KT,SS,29,28,2,2,4,4,0,0,0,1,1,0,0,3,0,0.137931034,1
20190519,HT,HH,40,35,3,5,12,6,0,0,2,1,0,4,0,7,2,0.41025641,1
20190519,HH,HT,32,32,0,0,4,2,0,0,0,0,0,0,0,10,0,0.125,0
20190519,LT,WO,34,32,3,3,6,2,0,0,0,0,0,2,0,9,1,0.235294118,0
20190519,WO,LT,39,36,8,9,13,2,0,1,0,0,0,3,0,7,1,0.41025641,1
20190521,HH,SS,34,31,3,3,5,2,2,2,0,1,1,1,1,10,0,0.205882353,0
20190521,SS,HH,41,34,9,9,14,2,0,3,2,0,1,3,2,4,1,0.475,1
20190521,LT,HT,39,36,6,6,12,4,0,1,2,1,0,2,1,10,1,0.384615385,0
20190521,HT,LT,44,35,9,10,16,10,2,0,4,0,1,5,1,4,2,0.523809524,1
20190521,NC,WO,38,33,3,3,7,0,0,0,2,0,0,4,0,4,2,0.297297297,1
20190521,WO,NC,32,30,1,1,4,2,0,0,2,0,0,2,0,4,1,0.1875,0
20190521,OB,KT,45,33,6,7,9,6,2,0,2,0,0,12,0,5,2,0.466666667,0
20190521,KT,OB,45,37,10,12,12,8,0,0,2,0,0,7,1,5,0,0.444444444,1
20190521,SK,LG,39,36,4,4,10,4,0,0,0,1,0,2,0,7,0,0.315789474,1
20190521,LG,SK,31,31,2,2,5,0,0,1,0,0,0,0,0,6,2,0.161290323,0
20190522,HH,SS,53,47,5,5,12,4,0,2,2,0,0,6,0,9,3,0.339622642,0
20190522,SS,HH,50,43,6,6,13,4,2,0,2,2,2,4,0,12,0,0.346938776,1
20190522,LT,HT,41,35,5,5,11,6,0,1,0,0,2,2,0,11,1,0.333333333,0
20190522,HT,LT,44,37,5,6,10,2,0,2,2,1,0,7,0,7,1,0.386363636,1
20190522,NC,WO,42,37,2,2,11,2,0,0,2,0,1,3,1,10,1,0.357142857,0
20190522,WO,NC,34,30,2,4,7,4,0,0,0,2,1,3,0,6,1,0.294117647,1
20190522,OB,KT,35,32,1,1,9,4,0,0,2,2,1,2,0,5,0,0.314285714,0
20190522,KT,OB,32,28,2,3,8,0,0,0,4,2,1,3,0,6,1,0.34375,1
20190522,SK,LG,40,33,2,2,6,2,2,0,6,0,0,5,1,5,0,0.307692308,1
20190522,LG,SK,33,32,0,0,5,4,0,0,0,0,0,1,0,11,0,0.181818182,0
20190523,HH,SS,34,33,1,1,7,2,0,0,4,0,0,1,0,6,1,0.235294118,0
20190523,SS,HH,39,31,2,2,12,4,0,1,2,1,0,6,0,3,2,0.486486486,1
20190523,LT,HT,34,31,1,1,4,0,0,0,4,0,0,3,0,9,0,0.205882353,0
20190523,HT,LT,30,28,3,3,6,0,0,2,0,1,0,1,0,5,0,0.24137931,1
20190523,NC,WO,43,39,4,4,14,2,4,0,2,1,1,2,1,6,1,0.395348837,1
20190523,WO,NC,30,30,2,2,4,0,0,1,0,0,0,0,0,12,1,0.133333333,0
20190523,OB,KT,43,36,2,2,7,2,0,0,2,1,0,3,3,9,0,0.30952381,0
20190523,KT,OB,41,35,3,3,9,6,0,0,0,0,0,5,0,0,1,0.35,1
20190523,SK,LG,39,33,1,1,8,0,2,0,6,1,0,6,0,10,1,0.358974359,0
20190523,LG,SK,38,32,1,2,8,4,0,0,2,1,0,5,1,16,1,0.368421053,1
20190524,HH,OB,41,37,3,4,9,2,0,0,8,0,0,4,0,3,0,0.317073171,1
20190524,OB,HH,45,36,3,3,10,4,0,0,2,0,1,6,2,5,0,0.4,0
20190524,KT,HT,43,38,4,5,13,4,0,0,0,2,0,5,0,6,1,0.418604651,0
20190524,HT,KT,41,37,6,7,13,6,0,1,6,0,0,2,1,5,0,0.4,1
20190524,LG,LT,43,38,5,5,12,0,0,1,2,0,0,3,1,5,0,0.380952381,0
20190524,LT,LG,44,35,6,8,10,2,0,1,6,0,0,7,1,4,0,0.418604651,1
20190524,SK,NC,37,32,4,4,8,6,0,1,0,1,0,4,1,5,2,0.351351351,1
20190524,NC,SK,34,30,2,2,6,0,0,0,4,0,1,2,0,5,1,0.242424242,0
20190524,WO,SS,44,39,10,10,13,4,2,4,0,0,0,5,0,8,1,0.409090909,1
20190524,SS,WO,39,37,5,5,11,2,2,1,4,1,0,2,0,10,0,0.333333333,0
20190525,HH,OB,44,39,4,4,16,4,0,0,2,0,1,3,0,3,1,0.441860465,0
20190525,OB,HH,40,31,7,7,8,0,0,1,4,0,0,9,0,1,1,0.425,1
20190525,KT,HT,36,33,3,3,6,2,0,1,0,0,1,2,0,10,1,0.222222222,0
20190525,HT,KT,43,35,9,10,13,6,0,0,4,0,1,6,1,3,1,0.465116279,1
20190525,LG,LT,40,31,6,6,7,0,0,1,0,2,0,4,4,6,0,0.384615385,1
20190525,LT,LG,44,35,5,5,11,2,0,0,8,1,1,7,0,9,0,0.418604651,0
20190525,SK,NC,43,35,7,7,10,2,0,2,2,1,1,5,2,7,0,0.395348837,0
20190525,NC,SK,44,39,10,10,17,0,2,2,0,0,0,4,0,0,2,0.488372093,1
20190525,WO,SS,42,39,9,9,13,6,2,2,2,0,0,3,0,4,1,0.380952381,0
20190525,SS,WO,39,33,10,10,13,6,0,1,2,1,1,3,1,4,2,0.447368421,1
20190526,HH,OB,38,32,1,1,7,0,2,0,4,1,0,3,2,7,0,0.324324324,0
20190526,OB,HH,32,25,2,2,2,2,0,0,0,0,2,5,0,4,0,0.21875,1
20190526,KT,HT,43,38,5,5,13,2,0,0,0,0,0,5,0,6,3,0.418604651,0
20190526,HT,KT,49,44,15,17,20,6,2,2,4,0,0,5,0,3,0,0.510204082,1
20190526,LG,LT,48,39,10,11,13,8,0,1,0,0,1,7,1,5,0,0.4375,1
20190526,LT,LG,35,33,2,2,7,2,2,0,0,0,0,2,0,4,1,0.257142857,0
20190526,SK,NC,36,33,2,2,9,0,0,1,2,1,0,2,0,7,1,0.314285714,1
20190526,NC,SK,38,31,0,1,4,2,0,0,0,0,0,6,0,5,0,0.27027027,0
20190526,WO,SS,37,30,3,3,6,2,0,0,2,1,2,5,0,7,0,0.297297297,0
20190526,SS,WO,36,33,4,4,7,4,0,1,0,0,0,3,0,10,0,0.277777778,1
20190528,HT,HH,33,32,0,0,4,0,0,0,2,0,0,1,0,9,0,0.151515152,0
20190528,HH,HT,34,28,2,2,9,2,0,0,0,1,1,4,0,5,1,0.393939394,1
20190528,KT,SK,33,31,0,0,6,0,0,0,2,0,0,1,0,5,1,0.21875,0
20190528,SK,KT,28,27,1,1,5,2,0,0,0,0,0,1,0,6,2,0.214285714,1
20190528,LG,WO,28,27,0,0,2,0,0,0,0,0,0,1,0,10,1,0.107142857,0
20190528,WO,LG,34,32,5,5,10,0,4,1,0,0,1,1,0,8,0,0.323529412,1
20190528,LT,NC,47,39,9,9,14,4,0,0,0,1,1,4,2,6,0,0.434782609,1
20190528,NC,LT,41,38,4,4,10,4,0,0,0,0,0,3,0,11,0,0.317073171,0
20190528,SS,OB,35,33,1,1,6,2,0,0,2,0,0,2,0,10,0,0.228571429,0
20190528,OB,SS,35,32,4,4,8,6,0,0,2,0,1,2,0,8,0,0.285714286,1
20190529,HT,HH,38,36,2,3,11,8,0,1,0,0,0,1,0,4,1,0.324324324,1
20190529,HH,HT,31,29,1,1,5,2,0,0,2,1,1,1,0,10,1,0.193548387,0
20190529,KT,SK,40,36,8,8,10,2,2,1,0,0,0,4,0,6,1,0.35,1
20190529,SK,KT,41,33,6,6,8,2,2,0,0,1,0,6,2,9,1,0.390243902,0
20190529,LG,WO,42,37,4,4,13,8,0,0,0,1,0,4,0,3,1,0.414634146,1
20190529,WO,LG,34,30,2,2,6,2,0,1,0,0,0,3,0,5,2,0.272727273,0
20190529,LT,NC,44,37,5,6,13,4,0,1,0,1,1,4,2,12,0,0.431818182,0
20190529,NC,LT,39,35,8,8,14,8,2,2,0,0,1,2,0,4,2,0.421052632,1
20190529,SS,OB,39,37,2,2,8,10,0,0,0,0,1,1,0,3,1,0.230769231,0
20190529,OB,SS,40,35,3,3,10,6,0,2,2,0,0,4,0,6,0,0.358974359,1
20190530,HT,HH,39,34,3,3,7,4,0,1,0,0,0,4,1,8,0,0.307692308,1
20190530,HH,HT,36,32,1,2,7,0,0,0,0,1,0,2,1,7,1,0.285714286,0
20190530,KT,SK,41,33,2,2,7,0,0,1,0,0,0,5,2,8,2,0.35,0
20190530,SK,KT,45,39,2,3,10,2,0,1,4,0,0,4,1,7,0,0.340909091,1
20190530,LG,WO,42,38,6,6,13,6,0,1,0,2,0,3,0,2,0,0.390243902,1
20190530,WO,LG,39,33,3,3,8,4,0,0,0,0,0,5,0,6,0,0.342105263,0
20190530,LT,NC,52,37,10,10,13,2,0,0,0,0,0,11,3,3,2,0.529411765,1
20190530,NC,LT,36,32,2,2,8,2,0,0,0,0,1,2,0,7,1,0.285714286,0
20190530,SS,OB,40,36,2,2,12,2,0,0,6,1,0,3,0,6,1,0.384615385,1
20190530,OB,SS,35,31,0,1,6,0,0,0,0,0,0,3,1,4,2,0.285714286,0
20190531,HH,SK,33,31,1,1,6,0,0,1,0,0,0,1,0,1,1,0.21875,0
20190531,SK,HH,30,29,2,2,5,0,0,1,4,1,0,0,1,5,0,0.2,1
20190531,NC,LG,36,34,2,2,7,4,0,0,2,0,0,2,0,6,0,0.25,0
20190531,LG,NC,32,28,3,3,6,6,0,0,0,1,1,3,0,9,0,0.28125,1
20190531,OB,KT,40,32,2,2,8,2,0,0,2,1,0,6,2,4,3,0.4,0
20190531,KT,OB,31,29,3,3,5,0,0,2,0,0,0,2,0,7,1,0.225806452,1
20190531,SS,LT,37,33,1,1,8,0,0,0,0,1,0,3,1,10,1,0.324324324,0
20190531,LT,SS,38,33,6,6,10,4,0,1,4,0,1,4,0,6,0,0.368421053,1
20190531,WO,HT,36,35,2,2,9,4,0,0,2,0,0,1,0,10,1,0.277777778,0
20190531,HT,WO,34,29,3,3,10,2,0,0,0,1,0,2,0,5,0,0.387096774,1
20190601,HH,SK,40,34,6,6,8,0,0,1,2,0,0,4,0,9,0,0.315789474,1
20190601,SK,HH,33,30,0,0,4,2,0,0,0,0,0,3,0,9,1,0.212121212,0
20190601,NC,LG,32,31,1,1,8,0,0,0,0,1,0,1,0,2,2,0.28125,0
20190601,LG,NC,37,31,5,5,10,0,0,1,2,1,1,4,0,5,1,0.388888889,1
20190601,OB,KT,38,35,3,3,8,2,0,0,0,0,0,3,0,5,1,0.289473684,0
20190601,KT,OB,44,38,13,13,16,6,0,2,2,0,1,5,0,5,1,0.477272727,1
20190601,SS,LT,38,36,2,2,9,4,0,0,0,0,0,1,1,8,0,0.289473684,0
20190601,LT,SS,36,31,5,5,9,2,0,0,0,0,0,4,1,7,1,0.388888889,1
20190601,WO,HT,42,34,4,4,11,8,0,0,2,1,0,6,1,6,2,0.43902439,1
20190601,HT,WO,39,34,0,0,7,4,0,0,0,0,0,4,1,8,0,0.307692308,0
20190602,HH,SK,32,31,2,2,6,4,0,0,0,1,0,1,0,11,1,0.21875,0
20190602,SK,HH,38,36,5,5,14,4,0,2,0,1,0,1,0,4,0,0.405405405,1
20190602,NC,LG,35,31,4,4,6,2,0,2,2,1,0,4,0,5,0,0.285714286,1
20190602,LG,NC,32,31,1,1,4,2,0,0,0,0,0,1,0,7,0,0.15625,0
20190602,OB,KT,44,36,6,7,13,8,0,0,4,0,1,6,0,6,2,0.441860465,1
20190602,KT,OB,36,33,4,4,6,0,0,2,2,0,0,3,0,9,0,0.25,0
20190602,SS,LT,44,38,8,8,13,6,0,1,2,0,0,4,1,5,2,0.418604651,1
20190602,LT,SS,36,33,3,3,6,2,0,2,0,0,0,1,2,5,0,0.25,0
20190602,WO,HT,38,33,6,6,7,0,0,0,2,0,0,3,1,12,0,0.297297297,1
20190602,HT,WO,43,37,5,5,9,8,0,1,2,0,0,6,0,6,0,0.348837209,0
20190604,HH,LT,38,36,1,2,7,2,0,0,2,2,1,1,0,9,1,0.210526316,0
20190604,LT,HH,43,38,3,3,8,4,0,1,0,1,0,4,0,10,0,0.285714286,1
20190604,KT,LG,40,32,4,4,8,2,0,1,2,0,0,8,0,6,2,0.4,0
20190604,LG,KT,38,32,8,8,10,2,0,1,2,0,0,6,0,2,2,0.421052632,1
20190604,NC,SS,37,31,1,1,6,0,0,1,0,0,0,6,0,8,2,0.324324324,0
20190604,SS,NC,36,29,3,3,6,2,2,1,0,0,1,4,1,11,0,0.314285714,1
20190604,OB,HT,44,36,7,7,10,4,0,1,6,0,0,8,0,3,0,0.409090909,1
20190604,HT,OB,41,39,2,2,14,6,0,0,2,0,0,2,0,7,2,0.390243902,0
20190604,SK,WO,40,37,2,2,12,0,0,0,0,0,0,1,1,8,1,0.358974359,1
20190604,WO,SK,32,26,0,1,3,0,0,0,0,0,0,5,0,6,3,0.258064516,0
20190605,HH,LT,41,35,5,6,9,2,0,0,2,0,1,5,0,11,0,0.341463415,1
20190605,LT,HH,37,33,3,3,6,0,0,1,2,0,1,3,0,2,0,0.243243243,0
20190605,KT,LG,42,39,1,2,11,2,0,0,4,0,0,3,0,2,0,0.333333333,0
20190605,LG,KT,43,42,8,9,17,8,2,1,0,0,0,1,0,4,0,0.418604651,1
20190605,NC,SS,39,36,3,3,11,4,0,1,0,0,1,2,0,10,1,0.333333333,0
20190605,SS,NC,33,33,3,4,8,2,0,1,0,0,0,0,0,9,0,0.242424242,1
20190605,OB,HT,41,37,5,5,10,6,0,0,0,0,0,3,1,2,0,0.341463415,1
20190605,HT,OB,38,31,4,4,8,4,0,1,2,0,1,4,1,8,2,0.351351351,0
20190605,SK,WO,42,37,6,6,10,2,0,1,2,1,0,4,1,8,0,0.357142857,1
20190605,WO,SK,36,34,2,2,7,2,0,0,0,0,0,2,0,10,0,0.25,0
20190606,HH,LT,41,33,4,4,8,4,0,0,2,0,1,5,0,9,0,0.333333333,1
20190606,LT,HH,39,34,3,3,9,0,0,0,6,0,0,3,0,7,0,0.324324324,0
20190606,KT,LG,42,39,7,7,13,4,2,1,0,0,0,3,0,4,2,0.380952381,0
20190606,LG,KT,37,32,7,8,7,6,0,2,2,0,0,4,0,4,2,0.305555556,1
20190606,NC,SS,32,31,0,0,4,0,0,0,0,0,0,1,0,7,0,0.15625,0
20190606,SS,NC,36,29,5,6,8,0,0,0,2,0,1,4,0,4,0,0.352941176,1
20190606,OB,HT,37,34,3,3,9,4,0,1,0,0,0,3,0,8,2,0.324324324,0
20190606,HT,OB,43,38,11,12,16,8,2,0,4,0,1,2,1,1,0,0.452380952,1
20190606,SK,WO,34,32,2,2,6,2,0,0,0,1,0,1,1,5,0,0.235294118,0
20190606,WO,SK,40,33,6,6,11,6,0,1,2,0,0,5,1,6,1,0.435897436,1
20190607,HT,NC,32,30,1,1,8,2,0,1,0,1,0,1,0,5,2,0.290322581,0
20190607,NC,HT,32,28,2,2,7,4,0,1,0,1,1,2,0,10,0,0.290322581,1
20190607,LG,HH,42,38,2,2,11,2,0,1,0,0,0,3,1,10,0,0.357142857,0
20190607,HH,LG,31,30,3,3,6,4,0,0,2,0,0,0,0,6,0,0.2,1
20190607,LT,KT,39,31,1,1,6,0,0,0,0,1,0,8,0,3,1,0.358974359,0
20190607,KT,LT,32,26,2,2,6,0,0,1,0,1,0,4,0,3,0,0.333333333,1
20190607,SS,SK,48,41,2,2,9,8,0,1,2,1,0,5,0,9,0,0.304347826,0
20190607,SK,SS,48,39,4,4,9,4,0,1,0,1,0,7,1,16,1,0.361702128,1
20190607,WO,OB,36,36,1,1,8,6,0,0,2,1,0,0,0,8,0,0.222222222,0
20190607,OB,WO,39,32,7,7,11,4,0,1,2,1,1,5,1,4,0,0.435897436,1
20190608,HT,NC,34,31,4,4,6,0,0,1,2,0,0,2,1,7,2,0.264705882,0
20190608,NC,HT,43,38,3,5,15,10,0,0,0,0,1,3,1,4,0,0.441860465,1
20190608,LG,HH,39,36,3,3,9,4,0,0,0,1,0,1,2,7,0,0.307692308,1
20190608,HH,LG,33,31,1,2,6,4,0,0,2,0,0,2,0,9,2,0.242424242,0
20190608,LT,KT,35,30,2,2,3,0,0,0,0,0,1,4,0,5,0,0.2,0
20190608,KT,LT,40,36,5,6,15,4,0,0,0,1,1,3,0,3,0,0.45,1
20190608,SS,SK,33,32,0,0,6,2,0,0,0,0,0,0,1,5,1,0.212121212,0
20190608,SK,SS,40,37,7,8,13,0,0,2,0,0,1,1,1,4,0,0.375,1
20190608,WO,OB,39,37,5,5,10,4,0,1,6,0,0,1,1,5,0,0.307692308,1
20190608,OB,WO,40,37,4,4,10,8,0,0,0,0,0,3,0,9,0,0.325,0
20190609,HT,NC,44,37,3,3,12,0,0,1,0,0,0,7,0,6,1,0.431818182,0
20190609,NC,HT,38,30,3,4,9,4,0,0,2,0,1,4,2,8,1,0.405405405,1
20190609,LG,HH,43,41,3,3,11,0,0,1,2,1,0,1,0,7,2,0.285714286,1
20190609,HH,LG,46,36,1,1,6,2,0,0,4,1,0,9,1,10,2,0.347826087,0
20190609,LT,KT,32,29,0,0,4,2,0,0,0,0,0,3,0,4,2,0.21875,0
20190609,KT,LT,33,30,2,2,9,2,0,0,4,0,1,2,0,5,0,0.333333333,1
20190609,SS,SK,43,37,9,9,11,4,0,4,0,0,0,6,0,3,0,0.395348837,1
20190609,SK,SS,39,35,0,0,8,0,0,0,2,0,0,4,0,8,0,0.307692308,0
20190609,WO,OB,38,32,4,4,9,4,0,0,2,0,1,4,0,4,2,0.351351351,1
20190609,OB,WO,30,30,0,0,3,0,0,0,2,0,0,0,0,6,0,0.1,0
20190611,LT,LG,49,43,1,1,9,2,2,0,0,0,0,6,0,11,2,0.306122449,0.5
20190611,LG,LT,43,39,1,1,6,2,0,0,0,0,0,1,1,7,1,0.195121951,0.5
20190611,OB,HH,43,34,1,1,9,0,0,0,0,0,1,7,0,7,0,0.380952381,0
20190611,HH,OB,33,28,4,4,5,2,2,1,0,0,1,4,0,5,0,0.272727273,1
20190611,SK,KT,52,47,13,13,21,6,2,1,0,0,0,4,1,6,0,0.5,1
20190611,KT,SK,32,30,1,1,4,0,0,1,0,0,0,2,0,11,0,0.1875,0
20190611,SS,HT,36,32,1,1,8,2,0,0,0,1,0,4,0,6,2,0.333333333,0
20190611,HT,SS,39,33,7,7,12,2,0,0,0,0,0,5,0,4,1,0.447368421,1
20190611,WO,NC,50,41,8,9,13,12,0,1,0,0,1,6,1,8,0,0.408163265,1
20190611,NC,WO,49,44,7,8,16,8,0,0,2,1,2,3,0,8,0,0.387755102,0
20190612,LT,LG,40,33,2,3,5,0,0,0,0,0,1,5,0,8,0,0.256410256,0
20190612,LG,LT,43,34,3,4,8,2,0,1,2,0,1,6,0,5,1,0.341463415,1
20190612,OB,HH,43,35,8,9,11,4,0,0,0,0,1,6,1,8,2,0.418604651,1
20190612,HH,OB,42,36,6,6,11,8,0,2,2,0,1,4,1,7,1,0.380952381,0
20190612,SK,KT,39,35,6,6,12,6,0,1,0,1,1,2,0,4,1,0.368421053,1
20190612,KT,SK,38,32,2,3,6,2,0,0,8,0,1,3,2,7,0,0.289473684,0
20190612,SS,HT,42,40,3,3,14,2,0,0,0,0,0,2,0,10,1,0.380952381,0
20190612,HT,SS,39,33,6,7,10,4,0,0,0,1,1,5,0,7,0,0.384615385,1
20190612,WO,NC,44,41,5,5,9,6,0,1,0,0,0,3,0,10,1,0.272727273,1
20190612,NC,WO,46,39,4,4,7,4,0,1,4,0,0,7,0,5,0,0.304347826,0
20190613,LT,LG,42,37,3,3,10,4,0,0,2,1,0,4,1,6,2,0.357142857,0
20190613,LG,LT,39,36,4,4,8,4,0,1,0,0,1,2,0,7,1,0.256410256,1
20190613,OB,HH,42,36,7,7,13,4,0,0,2,0,1,4,0,2,3,0.414634146,1
20190613,HH,OB,37,30,2,2,4,0,0,0,0,0,0,7,0,6,0,0.297297297,0
20190613,SK,KT,34,33,1,1,9,6,0,0,0,0,0,1,0,4,2,0.294117647,0
20190613,KT,SK,35,32,5,5,11,0,0,0,2,1,0,1,0,6,0,0.363636364,1
20190613,SS,HT,35,28,2,2,6,0,0,1,2,0,0,3,1,3,2,0.3125,0
20190613,HT,SS,38,32,3,3,7,4,2,0,6,0,0,3,3,6,1,0.342105263,1
20190613,WO,NC,31,30,1,1,6,0,0,0,4,0,1,0,0,6,1,0.193548387,0
20190613,NC,WO,29,24,2,3,4,0,0,0,0,2,1,2,1,6,0,0.25,1
20190614,HH,WO,44,37,7,7,12,4,0,2,4,2,0,5,1,9,0,0.418604651,0
20190614,WO,HH,39,32,8,8,9,2,0,2,4,0,1,4,1,7,0,0.368421053,1
20190614,KT,SS,38,33,4,4,10,2,0,1,0,0,0,3,2,5,3,0.394736842,0
20190614,SS,KT,35,32,7,7,13,8,0,2,0,0,0,1,1,6,3,0.441176471,1
20190614,LG,OB,41,37,4,4,9,0,0,1,4,0,0,3,1,14,0,0.317073171,0
20190614,OB,LG,37,35,7,7,13,4,0,1,0,0,1,1,0,7,2,0.378378378,1
20190614,NC,SK,37,34,3,3,8,4,0,2,0,0,0,3,0,9,0,0.297297297,0
20190614,SK,NC,41,36,7,7,14,4,0,0,0,1,2,2,1,3,0,0.414634146,1
20190615,HH,WO,40,37,3,3,11,4,0,0,2,0,0,3,0,16,2,0.35,0
20190615,WO,HH,38,37,8,8,13,2,0,3,6,0,0,1,0,9,0,0.368421053,1
20190615,HT,LT,35,31,0,0,4,4,0,0,0,0,0,4,0,5,0,0.228571429,0
20190615,LT,HT,38,36,7,7,11,2,0,1,4,0,0,1,1,9,0,0.342105263,1
20190615,KT,SS,48,39,10,10,13,8,0,0,2,1,1,8,0,4,1,0.4375,1
20190615,SS,KT,39,32,7,7,6,4,0,3,2,0,0,7,0,9,0,0.333333333,0
20190615,LG,OB,40,35,4,4,10,10,0,0,2,0,1,4,0,3,0,0.35,1
20190615,OB,LG,38,31,2,3,9,4,0,0,0,0,0,5,2,4,4,0.421052632,0
20190615,NC,SK,36,31,0,0,4,0,0,0,0,0,0,5,0,12,0,0.25,0
20190615,SK,NC,40,30,3,4,8,4,0,0,2,1,0,7,3,8,1,0.45,1
20190616,HH,WO,39,34,6,6,9,4,2,1,0,0,0,4,1,6,2,0.358974359,0
20190616,WO,HH,43,33,8,9,10,0,4,0,0,0,1,6,2,6,1,0.428571429,1
20190616,HT,LT,42,37,5,5,12,4,0,1,0,0,1,4,0,9,1,0.380952381,0
20190616,LT,HT,44,34,8,10,11,8,0,2,4,0,0,8,1,7,1,0.465116279,1
20190616,KT,SS,41,36,3,3,8,0,0,0,4,1,0,5,0,9,1,0.317073171,1
20190616,SS,KT,37,35,1,1,9,4,0,0,2,1,0,0,0,9,0,0.257142857,0
20190616,LG,OB,38,33,3,3,8,4,0,0,0,0,0,4,0,7,2,0.324324324,0
20190616,OB,LG,41,29,4,5,8,4,0,0,2,0,0,10,2,5,1,0.487804878,1
20190616,NC,SK,32,30,2,2,4,2,0,1,0,0,0,2,0,3,1,0.1875,0
20190616,SK,NC,42,38,8,9,13,6,0,0,0,0,1,3,0,3,0,0.380952381,1
20190618,KT,WO,33,30,2,2,5,0,0,1,0,1,1,2,0,10,0,0.212121212,0
20190618,WO,KT,31,28,2,3,5,0,0,0,0,0,1,2,0,2,0,0.225806452,1
20190618,LG,SS,40,33,5,5,8,2,0,1,0,0,1,4,2,5,1,0.35,0
20190618,SS,LG,40,37,12,12,14,6,0,4,4,0,0,3,0,5,0,0.425,1
20190618,LT,HH,46,40,10,11,13,4,0,1,0,0,1,3,1,9,0,0.377777778,1
20190618,HH,LT,39,31,3,3,6,2,0,0,0,1,0,6,2,10,1,0.358974359,0
20190618,NC,OB,43,35,7,7,11,6,2,0,4,0,0,7,0,4,1,0.428571429,0
20190618,OB,NC,45,31,8,10,10,2,0,1,2,0,1,11,1,4,0,0.5,1
20190618,SK,HT,32,31,2,2,6,2,0,0,2,1,0,0,1,6,1,0.21875,0
20190618,HT,SK,32,30,4,4,10,0,0,1,2,3,0,2,0,6,1,0.375,1
20190619,KT,WO,37,34,1,2,7,0,0,0,0,0,0,2,1,10,1,0.27027027,0
20190619,WO,KT,41,36,8,8,15,12,0,2,2,0,0,3,1,3,1,0.475,1
20190619,LG,SS,45,40,9,9,14,8,0,2,4,0,0,3,2,4,0,0.422222222,1
20190619,SS,LG,39,34,6,6,7,2,0,2,0,0,0,3,1,4,0,0.289473684,0
20190619,LT,HH,42,37,7,7,8,0,0,3,2,0,1,3,1,6,1,0.285714286,1
20190619,HH,LT,43,39,5,5,12,0,0,1,4,0,1,2,0,14,0,0.333333333,0
20190619,NC,OB,35,31,0,0,5,4,0,0,4,1,0,4,0,5,0,0.257142857,0
20190619,OB,NC,30,28,1,1,5,0,0,0,0,0,0,1,0,3,0,0.206896552,1
20190619,SK,HT,43,38,7,7,13,4,0,1,0,0,1,3,1,3,0,0.395348837,1
20190619,HT,SK,37,33,1,1,9,0,0,0,2,0,0,4,0,10,3,0.351351351,0
20190620,KT,WO,38,33,1,1,6,4,0,0,0,1,0,5,0,9,0,0.289473684,0
20190620,WO,KT,35,27,3,3,6,0,0,1,2,0,2,5,0,5,0,0.323529412,1
20190620,LG,SS,44,38,9,11,14,10,0,3,6,0,2,3,1,1,1,0.409090909,1
20190620,SS,LG,37,35,3,3,8,4,0,0,0,0,0,1,1,5,0,0.27027027,0
20190620,LT,HH,42,35,5,7,11,0,0,0,0,1,0,7,0,8,2,0.428571429,0
20190620,HH,LT,41,34,7,10,7,0,2,1,2,1,1,6,0,11,0,0.317073171,1
20190620,NC,OB,35,34,2,2,7,2,0,1,0,0,0,1,0,10,0,0.228571429,0
20190620,OB,NC,47,36,14,14,15,6,0,1,2,0,2,8,1,4,1,0.510638298,1
20190620,SK,HT,35,33,5,5,6,2,0,1,0,0,0,2,0,8,0,0.228571429,0
20190620,HT,SK,35,26,5,8,6,2,0,0,2,0,1,6,2,5,2,0.4,1
20190621,HT,LG,48,35,8,8,11,6,2,0,4,0,1,11,0,7,1,0.468085106,0
20190621,LG,HT,44,36,8,9,13,6,0,2,8,0,0,5,2,6,1,0.465116279,1
20190621,NC,KT,30,29,0,0,2,0,0,0,0,0,0,1,0,3,0,0.1,0
20190621,KT,NC,37,31,4,5,8,4,0,1,0,0,1,5,0,7,2,0.351351351,1
20190621,OB,SK,34,32,1,1,5,2,0,0,0,0,0,2,0,10,1,0.205882353,0
20190621,SK,OB,45,34,14,14,11,6,0,3,0,1,0,10,1,4,0,0.488888889,1
20190621,SS,HH,40,34,4,5,8,8,0,1,2,1,0,5,1,6,1,0.35,1
20190621,HH,SS,34,29,2,2,7,6,0,0,2,1,0,4,0,8,1,0.333333333,0
20190621,WO,LT,42,36,6,7,13,0,0,1,2,2,1,4,0,5,1,0.414634146,1
20190621,LT,WO,38,34,4,4,8,2,0,0,0,1,0,3,1,9,1,0.315789474,0
20190622,HT,LG,36,31,3,3,5,0,0,1,2,1,0,3,1,5,0,0.257142857,1
20190622,LG,HT,36,32,2,2,6,6,0,0,2,0,0,3,0,6,0,0.257142857,0
20190622,NC,KT,42,38,7,7,14,2,0,1,0,0,1,2,0,4,2,0.390243902,1
20190622,KT,NC,38,34,5,6,9,0,0,1,2,0,1,2,1,6,1,0.315789474,0
20190622,OB,SK,30,30,0,0,3,2,0,0,0,0,0,0,0,8,0,0.1,0
20190622,SK,OB,33,29,3,3,7,4,0,1,0,0,0,4,0,4,2,0.333333333,1
20190622,SS,HH,29,27,0,0,4,0,0,0,0,1,0,1,0,6,2,0.178571429,0
20190622,HH,SS,35,33,4,5,9,2,0,1,2,0,0,2,0,9,1,0.314285714,1
20190622,WO,LT,35,31,1,1,6,0,0,1,0,0,0,4,0,8,2,0.285714286,0
20190622,LT,WO,38,34,3,4,11,4,0,0,0,0,0,3,0,6,0,0.378378378,1
20190623,HT,LG,47,40,7,7,18,10,0,0,0,0,1,6,0,10,1,0.510638298,1
20190623,LG,HT,33,32,0,0,6,0,0,0,2,1,0,1,0,7,0,0.212121212,0
20190623,NC,KT,38,36,2,2,12,6,0,0,0,0,1,1,0,7,1,0.342105263,0
20190623,KT,NC,37,34,3,4,12,4,0,1,0,1,0,3,0,6,0,0.405405405,1
20190623,OB,SK,36,29,2,2,5,2,0,0,2,1,1,5,0,11,0,0.285714286,0
20190623,SK,OB,36,32,3,3,8,4,0,2,0,0,0,4,0,5,0,0.333333333,1
20190623,SS,HH,42,40,10,10,13,8,0,1,0,0,0,1,1,6,1,0.357142857,1
20190623,HH,SS,37,36,5,5,10,4,0,0,2,0,0,1,0,9,1,0.297297297,0
20190623,WO,LT,40,35,1,1,8,0,0,1,0,0,0,5,0,16,0,0.325,0
20190623,LT,WO,28,27,2,2,5,0,0,0,2,1,0,1,0,9,0,0.214285714,1
20190625,HH,NC,52,45,14,14,20,6,0,3,0,0,0,5,1,8,1,0.509803922,1
20190625,NC,HH,37,33,3,3,7,0,0,0,2,0,0,4,0,7,2,0.297297297,0
20190625,HT,WO,38,33,2,3,8,0,0,0,0,0,0,4,1,7,2,0.342105263,0
20190625,WO,HT,39,36,6,7,11,4,0,1,2,0,0,3,0,7,0,0.358974359,1
20190625,KT,LT,58,51,8,8,17,8,0,1,4,0,1,6,0,9,0,0.396551724,0.5
20190625,LT,KT,50,45,8,8,13,4,0,3,0,1,0,3,1,7,2,0.346938776,0.5
20190625,OB,SS,32,31,2,2,5,4,0,0,0,0,0,1,0,3,0,0.1875,0
20190625,SS,OB,47,35,10,11,14,4,0,1,8,0,2,9,1,3,3,0.510638298,1
20190625,SK,LG,41,40,8,8,14,6,2,3,0,0,0,0,1,6,1,0.365853659,1
20190625,LG,SK,39,38,2,3,12,2,0,0,0,0,0,0,0,12,1,0.315789474,0
20190626,HT,WO,47,44,13,13,17,6,0,3,4,0,0,3,0,10,0,0.425531915,1
20190626,WO,HT,41,34,6,6,7,6,0,0,0,0,0,6,1,5,0,0.341463415,0
20190626,SK,LG,44,39,6,7,14,8,0,0,0,0,0,1,4,5,1,0.431818182,1
20190626,LG,SK,39,35,4,4,9,2,0,0,4,0,1,3,0,7,1,0.307692308,0
20190627,HH,NC,45,33,5,5,9,4,0,0,0,0,2,6,3,13,0,0.409090909,0
20190627,NC,HH,44,37,8,10,14,6,0,1,0,0,0,5,2,3,1,0.477272727,1
20190627,HT,WO,33,31,2,2,4,2,0,0,0,0,0,1,1,7,1,0.181818182,0
20190627,WO,HT,38,37,8,8,13,2,2,2,6,0,0,1,0,8,0,0.368421053,1
20190627,KT,LT,44,39,9,10,14,2,0,1,2,1,0,4,0,5,1,0.418604651,1
20190627,LT,KT,38,35,2,2,9,2,2,1,0,0,0,3,0,7,1,0.315789474,0
20190627,OB,SS,46,40,9,9,16,4,0,2,0,0,1,3,2,5,2,0.456521739,1
20190627,SS,OB,31,29,1,1,5,0,0,1,0,0,0,1,1,8,2,0.225806452,0
20190627,SK,LG,43,34,3,4,8,2,0,0,2,0,1,6,2,8,0,0.372093023,0
20190627,LG,SK,39,36,6,6,12,0,0,0,2,1,1,2,0,7,0,0.358974359,1
20190628,HT,KT,31,29,1,1,3,4,0,0,0,0,0,2,0,7,1,0.161290323,0
20190628,KT,HT,39,36,9,9,16,6,0,1,0,2,1,1,0,6,0,0.447368421,1
20190628,LG,NC,41,33,6,6,10,4,0,0,4,1,1,6,1,3,2,0.414634146,1
20190628,NC,LG,35,30,2,2,7,2,0,1,0,1,0,5,0,4,3,0.342857143,0
20190628,LT,OB,32,31,2,2,8,2,0,0,2,0,0,1,0,4,1,0.28125,0
20190628,OB,LT,31,29,2,3,8,4,0,0,0,0,2,0,0,5,0,0.258064516,1
20190628,SK,SS,36,31,3,3,7,6,0,0,0,0,0,4,1,5,3,0.333333333,0
20190628,SS,SK,39,35,8,9,13,2,4,1,2,1,0,3,1,6,0,0.435897436,1
20190628,WO,HH,44,39,6,6,12,2,2,1,0,0,0,2,2,3,0,0.372093023,1
20190628,HH,WO,39,34,2,5,6,4,0,0,8,0,0,4,0,7,0,0.263157895,0
20190629,HT,KT,32,30,2,3,4,2,0,0,0,0,0,2,0,6,0,0.1875,0
20190629,KT,HT,37,32,5,5,10,0,0,2,0,0,0,4,0,1,2,0.388888889,1
20190629,LT,OB,37,33,4,4,9,4,0,0,4,1,0,3,1,8,0,0.351351351,1
20190629,OB,LT,38,34,0,0,8,4,0,0,0,0,0,3,1,7,1,0.315789474,0
20190630,HT,KT,42,37,3,3,7,2,2,0,0,2,0,5,0,7,1,0.285714286,0
20190630,KT,HT,42,41,4,4,12,2,0,2,4,1,0,1,0,10,0,0.30952381,1
20190630,LG,NC,34,31,1,1,6,2,2,0,2,0,0,3,0,4,0,0.264705882,0
20190630,NC,LG,38,33,9,9,13,6,0,2,0,0,2,2,1,4,2,0.421052632,1
20190630,LT,OB,43,35,4,4,10,8,0,0,0,0,1,6,0,4,1,0.380952381,1
20190630,OB,LT,36,33,0,0,8,4,0,0,2,0,0,3,0,7,2,0.305555556,0
20190630,SK,SS,53,43,12,14,18,10,0,0,2,0,2,7,1,3,1,0.490566038,1
20190630,SS,SK,43,40,6,7,14,8,0,2,6,0,0,3,0,8,1,0.395348837,0
20190630,WO,HH,45,38,6,6,12,6,0,3,4,0,0,7,0,8,0,0.422222222,1
20190630,HH,WO,38,33,4,4,8,2,0,0,0,0,0,3,1,6,0,0.324324324,0
20190702,HH,LG,34,34,1,2,6,2,0,0,2,0,0,0,0,10,1,0.176470588,0
20190702,LG,HH,38,36,8,9,13,8,0,0,4,0,0,1,0,5,0,0.378378378,1
20190702,LT,SK,30,27,1,1,2,2,0,0,0,0,0,3,0,8,2,0.166666667,0
20190702,SK,LT,38,34,10,10,9,10,0,2,2,0,0,4,0,7,0,0.342105263,1
20190702,NC,HT,39,32,3,3,7,4,0,2,0,0,1,4,2,7,1,0.333333333,0
20190702,HT,NC,36,31,4,5,8,0,0,0,0,0,1,4,0,7,0,0.333333333,1
20190702,OB,WO,35,32,3,3,9,4,0,0,0,1,1,1,1,3,1,0.314285714,0
20190702,WO,OB,37,33,5,6,8,2,4,0,2,0,0,3,1,7,0,0.324324324,1
20190702,SS,KT,36,33,3,3,7,2,0,0,2,0,0,2,1,7,0,0.277777778,0
20190702,KT,SS,39,31,5,5,9,0,0,1,0,1,0,7,0,6,0,0.421052632,1
20190703,HH,LG,32,31,1,1,6,2,0,1,0,1,0,1,0,4,1,0.21875,0
20190703,LG,HH,34,31,5,6,10,2,0,1,0,2,0,3,0,5,1,0.382352941,1
20190703,LT,SK,39,37,5,5,12,2,0,2,2,0,0,2,0,12,1,0.358974359,0
20190703,SK,LT,42,36,8,8,12,0,0,2,4,0,0,5,1,7,1,0.428571429,1
20190703,NC,HT,42,33,7,8,7,2,4,0,6,0,0,8,0,4,0,0.365853659,1
20190703,HT,NC,39,37,4,4,11,6,0,0,0,0,0,2,0,6,0,0.333333333,0
20190703,OB,WO,34,31,3,3,5,2,0,0,0,0,0,2,1,5,1,0.235294118,1
20190703,WO,OB,31,31,1,1,5,2,0,1,0,0,0,0,0,8,1,0.161290323,0
20190703,SS,KT,35,33,0,0,8,4,0,0,0,0,0,2,0,6,2,0.285714286,0
20190703,KT,SS,33,30,3,3,8,2,0,1,2,0,0,3,0,6,2,0.333333333,1
20190704,HH,LG,32,29,3,3,4,0,0,1,0,1,0,3,0,8,0,0.21875,0
20190704,LG,HH,34,30,4,4,5,0,0,0,2,0,0,3,1,12,0,0.264705882,1
20190704,LT,SK,42,37,7,7,10,0,0,3,0,0,0,3,1,12,0,0.341463415,0
20190704,SK,LT,41,36,9,9,12,2,0,3,2,0,0,4,0,4,0,0.4,1
20190704,NC,HT,50,43,9,9,20,10,0,1,2,0,2,4,1,3,2,0.5,1
20190704,HT,NC,36,33,3,3,8,6,0,0,0,0,1,2,0,7,0,0.277777778,0
20190704,OB,WO,36,32,4,4,7,2,0,1,0,0,1,2,0,6,0,0.257142857,1
20190704,WO,OB,37,33,1,1,7,2,0,0,0,0,0,4,0,5,0,0.297297297,0
20190704,SS,KT,36,36,3,3,9,0,0,2,4,0,0,0,0,7,0,0.25,0
20190704,KT,SS,35,28,5,5,9,4,2,0,0,0,2,4,0,5,1,0.382352941,1
20190705,KT,HH,44,37,10,10,12,4,2,1,2,0,1,4,1,6,1,0.395348837,1
20190705,HH,KT,35,34,3,3,7,4,0,2,0,0,0,1,0,5,0,0.228571429,0
20190705,LG,HT,35,31,1,1,6,2,2,0,0,1,0,3,1,8,1,0.285714286,0
20190705,HT,LG,35,32,6,6,11,2,0,0,2,0,1,2,0,2,1,0.371428571,1
20190705,LT,WO,38,36,1,1,11,6,2,0,0,0,0,2,0,7,2,0.342105263,0
20190705,WO,LT,46,39,14,14,15,10,0,1,2,0,0,6,1,7,1,0.47826087,1
20190705,SK,OB,38,35,8,8,10,6,0,1,4,0,0,2,1,5,2,0.342105263,1
20190705,OB,SK,41,40,5,6,12,0,0,1,0,0,0,1,0,5,1,0.317073171,0
20190705,SS,NC,43,37,3,3,12,0,4,0,0,1,0,5,1,6,1,0.418604651,0
20190705,NC,SS,35,28,7,7,7,4,0,1,4,0,2,4,1,4,0,0.342857143,1
20190706,KT,HH,50,41,7,8,13,2,0,1,2,1,1,7,0,6,1,0.408163265,0
20190706,HH,KT,45,43,8,9,17,12,0,2,0,0,1,1,0,11,0,0.4,1
20190706,LG,HT,31,29,0,0,2,0,0,0,2,0,0,2,0,9,0,0.129032258,0
20190706,HT,LG,37,31,7,7,7,2,0,2,2,1,0,4,2,6,0,0.351351351,1
20190706,LT,WO,38,37,4,4,10,2,0,0,6,0,0,1,0,9,0,0.289473684,0
20190706,WO,LT,36,32,5,6,11,4,0,0,2,0,0,2,0,8,1,0.382352941,1
20190706,SK,OB,38,34,4,4,8,4,0,0,0,0,1,3,0,3,2,0.289473684,1
20190706,OB,SK,34,32,2,2,6,6,0,0,0,0,1,1,0,6,0,0.205882353,0
20190706,SS,NC,47,39,2,2,5,4,0,0,0,1,1,6,1,4,0,0.255319149,0.5
20190706,NC,SS,49,47,2,2,11,0,0,0,2,0,0,2,0,7,1,0.265306122,0.5
20190707,KT,HH,34,30,4,4,6,2,0,0,0,1,1,3,0,5,1,0.264705882,1
20190707,HH,KT,41,36,3,3,10,2,0,1,0,1,0,4,1,7,0,0.365853659,0
20190707,LG,HT,42,35,10,10,12,2,2,1,2,0,2,3,1,5,2,0.390243902,1
20190707,HT,LG,43,38,9,9,12,2,0,1,2,0,0,4,1,11,1,0.395348837,0
20190707,LT,WO,36,32,2,2,8,4,2,0,0,0,0,4,0,8,1,0.333333333,0
20190707,WO,LT,34,29,5,5,8,4,4,0,0,0,1,3,1,8,2,0.352941176,1
20190707,SK,OB,48,44,3,4,9,6,0,0,4,0,0,4,0,5,0,0.270833333,0
20190707,OB,SK,50,42,5,5,12,2,0,1,0,0,1,5,0,11,0,0.354166667,1
20190707,SS,NC,43,33,4,4,9,6,0,1,6,0,0,7,2,4,2,0.428571429,1
20190707,NC,SS,35,32,2,2,8,6,0,0,0,1,1,2,0,11,1,0.285714286,0
20190709,HT,SS,38,31,2,2,7,2,0,1,0,1,0,6,0,3,1,0.351351351,0
20190709,SS,HT,41,35,3,3,8,4,0,0,8,0,0,6,0,7,1,0.341463415,1
20190709,NC,LT,35,30,1,1,6,2,0,0,0,0,0,4,0,6,2,0.294117647,0
20190709,LT,NC,35,31,4,4,8,4,0,0,0,0,1,1,2,2,0,0.314285714,1
20190709,OB,LG,44,39,11,11,14,4,0,0,2,0,3,2,0,1,0,0.363636364,1
20190709,LG,OB,37,34,4,4,9,4,0,2,2,0,1,1,0,10,0,0.277777778,0
20190709,SK,HH,40,37,0,0,5,0,0,0,2,0,0,1,1,11,1,0.179487179,0
20190709,HH,SK,39,34,1,1,8,0,0,0,2,1,0,3,0,12,2,0.297297297,1
20190709,WO,KT,46,40,12,12,16,2,2,2,0,0,2,3,1,8,1,0.434782609,1
20190709,KT,WO,36,32,3,3,6,4,0,0,0,0,1,3,0,4,0,0.25,0
20190711,HT,SS,38,33,1,2,7,4,0,0,0,0,0,5,0,13,0,0.315789474,0
20190711,SS,HT,31,29,4,4,7,6,0,1,2,1,0,1,0,11,0,0.266666667,1
20190711,NC,LT,38,33,4,4,10,0,0,1,0,0,0,3,1,6,2,0.378378378,1
20190711,LT,NC,32,29,0,0,2,2,0,0,0,0,0,3,0,13,0,0.15625,0
20190711,OB,LG,38,31,8,8,7,8,0,1,0,0,1,4,1,4,1,0.324324324,1
20190711,LG,OB,37,34,4,4,11,4,2,1,0,0,1,2,0,2,2,0.351351351,0
20190711,SK,HH,37,28,5,5,9,4,0,2,2,0,2,7,0,7,2,0.432432432,1
20190711,HH,SK,38,34,1,1,8,2,0,0,2,0,1,2,1,8,0,0.289473684,0
20190711,WO,KT,38,34,4,4,10,2,0,1,0,0,0,2,1,5,2,0.351351351,1
20190711,KT,WO,33,30,2,2,5,6,0,0,2,0,2,1,0,4,1,0.181818182,0
20190712,HH,HT,33,30,0,0,4,2,0,0,0,1,0,3,0,7,0,0.212121212,0
20190712,HT,HH,32,29,5,5,7,0,0,2,0,1,0,3,0,4,1,0.3125,1
20190712,KT,NC,45,40,8,8,13,4,2,0,2,0,0,4,1,10,0,0.4,0
20190712,NC,KT,36,35,9,9,10,0,2,2,0,0,0,0,1,4,0,0.305555556,1
20190712,OB,LT,40,37,1,1,8,2,0,0,0,0,0,2,1,3,0,0.275,0
20190712,LT,OB,31,27,2,2,5,4,0,0,0,0,1,2,0,5,1,0.233333333,1
20190712,SS,LG,44,38,5,6,14,0,0,3,0,0,0,4,1,10,1,0.441860465,1
20190712,LG,SS,37,34,3,3,8,8,0,0,0,0,0,3,0,6,1,0.297297297,0
20190712,WO,SK,36,34,6,6,7,0,2,1,2,0,0,2,0,6,0,0.25,1
20190712,SK,WO,39,34,2,2,9,2,0,0,2,0,1,4,0,4,2,0.333333333,0
20190713,HH,HT,43,39,9,10,14,6,0,2,0,0,1,3,0,2,2,0.395348837,1
20190713,HT,HH,40,37,5,5,9,2,0,1,0,0,0,3,0,8,0,0.3,0
20190713,KT,NC,48,43,12,13,19,6,0,2,0,0,2,2,0,6,2,0.446808511,1
20190713,NC,KT,42,35,3,3,9,4,0,1,0,0,1,5,0,5,0,0.341463415,0
20190713,OB,LT,37,32,4,4,8,4,0,2,0,0,0,4,0,6,2,0.333333333,1
20190713,LT,OB,38,28,2,3,3,0,0,1,2,1,0,7,2,10,0,0.324324324,0
20190713,SS,LG,39,34,2,3,8,2,0,0,2,0,1,2,1,6,0,0.289473684,0
20190713,LG,SS,36,30,4,5,7,4,0,0,2,0,0,5,0,0,0,0.342857143,1
20190713,WO,SK,38,35,2,2,8,0,0,1,2,0,0,3,0,6,0,0.289473684,0
20190713,SK,WO,34,31,4,4,10,2,0,0,2,0,0,3,0,2,2,0.382352941,1
20190714,HH,HT,42,37,6,7,12,2,2,1,2,1,0,5,0,5,1,0.404761905,0
20190714,HT,HH,43,36,10,10,15,4,0,3,4,1,1,5,1,3,0,0.488372093,1
20190714,KT,NC,40,31,3,4,12,2,0,1,4,2,0,4,2,4,2,0.486486486,1
20190714,NC,KT,41,36,1,1,9,4,0,0,4,0,0,5,0,3,0,0.341463415,0
20190714,OB,LT,44,35,8,8,11,8,2,1,2,0,2,5,0,8,0,0.380952381,1
20190714,LT,OB,39,37,2,2,11,6,0,0,4,0,0,2,0,8,1,0.333333333,0
20190714,SS,LG,30,29,0,0,2,0,0,0,0,0,0,1,0,8,0,0.1,0
20190714,LG,SS,30,28,2,2,8,2,2,1,0,0,1,0,0,3,1,0.275862069,1
20190714,WO,SK,35,32,3,3,8,6,0,1,2,2,0,3,0,11,1,0.314285714,0
20190714,SK,WO,31,29,4,4,6,0,0,1,6,0,0,1,0,9,1,0.233333333,1
20190716,KT,OB,42,37,7,7,12,6,0,1,0,0,0,4,0,3,1,0.390243902,1
20190716,OB,KT,35,28,2,2,3,0,0,1,0,0,0,6,1,6,1,0.285714286,0
20190716,LG,SK,38,33,4,4,7,2,0,2,0,0,0,5,0,7,1,0.315789474,0
20190716,SK,LG,42,37,10,10,15,12,0,1,8,1,1,3,1,4,0,0.452380952,1
20190716,NC,HH,41,33,3,3,9,6,0,0,4,0,0,7,0,2,2,0.4,1
20190716,HH,NC,34,33,1,2,6,0,0,0,6,0,0,1,0,8,0,0.205882353,0
20190716,SS,WO,31,30,0,0,3,0,0,0,0,0,0,1,0,6,0,0.129032258,0
20190716,WO,SS,35,29,6,6,10,4,2,0,4,1,1,5,0,5,3,0.428571429,1
20190717,KT,OB,43,41,5,6,14,2,2,0,0,0,0,1,1,6,1,0.372093023,1
20190717,OB,KT,38,31,4,4,6,4,2,0,0,1,2,3,2,8,0,0.289473684,0
20190717,LG,SK,37,33,2,2,6,2,0,0,6,0,0,1,3,10,1,0.27027027,0
20190717,SK,LG,36,30,8,8,13,6,0,1,2,2,0,4,0,4,1,0.5,1
20190717,LT,HT,32,31,1,1,4,2,0,1,0,0,0,1,0,10,0,0.15625,0
20190717,HT,LT,35,29,3,3,7,4,0,0,0,0,2,4,0,6,1,0.314285714,1
20190717,NC,HH,54,47,13,14,21,8,0,2,0,0,0,5,2,11,1,0.518518519,1
20190717,HH,NC,34,31,1,1,4,2,0,1,0,0,0,3,0,6,0,0.205882353,0
20190717,SS,WO,42,38,6,6,12,8,2,1,2,0,0,2,2,2,1,0.380952381,0
20190717,WO,SS,41,37,10,10,14,2,2,1,0,0,1,2,0,5,0,0.4,1
20190718,KT,OB,42,39,6,7,13,2,0,1,0,0,1,2,0,8,0,0.357142857,1
20190718,OB,KT,39,37,4,4,11,2,0,1,0,0,0,1,1,6,1,0.333333333,0
20190718,LG,SK,47,41,12,12,15,8,0,1,0,0,1,4,1,9,0,0.425531915,1
20190718,SK,LG,38,36,4,5,10,2,0,1,4,0,0,2,0,10,1,0.315789474,0
20190718,LT,HT,40,36,6,6,11,6,0,0,2,1,2,2,0,6,0,0.325,1
20190718,HT,LT,35,32,2,3,7,4,0,0,2,0,0,2,1,5,3,0.285714286,0
20190718,NC,HH,43,33,7,7,8,8,0,0,4,0,2,5,0,9,0,0.325,1
20190718,HH,NC,36,32,4,4,8,2,0,0,0,0,1,3,0,9,1,0.305555556,0
20190718,SS,WO,37,32,1,1,5,4,0,0,0,0,0,4,0,6,0,0.25,0
20190718,WO,SS,37,32,5,5,11,8,2,1,4,1,0,4,1,2,1,0.432432432,1
20190726,HH,SS,44,38,6,8,12,8,0,2,0,0,0,5,1,8,1,0.409090909,0
20190726,SS,HH,40,35,9,9,14,6,0,3,0,2,1,4,0,5,1,0.45,1
20190726,NC,WO,34,30,4,4,6,2,0,1,2,0,1,2,1,6,2,0.264705882,0
20190726,WO,NC,34,33,4,5,10,4,0,0,2,1,0,0,0,8,0,0.303030303,1
20190726,SK,LT,39,37,6,8,14,2,0,1,0,2,0,2,0,2,1,0.41025641,1
20190726,LT,SK,40,35,6,6,10,2,0,1,2,0,2,3,0,6,0,0.325,0
20190727,HH,SS,41,38,4,6,11,2,2,0,2,0,0,3,0,9,0,0.341463415,0
20190727,SS,HH,36,33,7,7,11,6,2,2,2,0,1,2,0,7,1,0.361111111,1
20190727,HT,OB,38,31,1,1,6,0,0,1,0,0,0,6,1,4,2,0.342105263,0
20190727,OB,HT,48,41,11,12,17,6,0,1,0,0,1,4,1,3,0,0.468085106,1
20190727,LG,KT,39,32,4,5,10,0,0,1,6,1,1,4,0,7,1,0.378378378,1
20190727,KT,LG,37,32,2,2,9,0,0,1,6,0,1,4,0,7,2,0.351351351,0
20190727,NC,WO,33,30,1,1,8,6,0,0,2,0,0,2,1,3,4,0.333333333,0
20190727,WO,NC,33,28,4,4,6,0,2,0,0,0,0,4,1,6,2,0.333333333,1
20190727,SK,LT,44,36,4,4,10,2,0,0,4,0,1,5,2,6,0,0.386363636,1
20190727,LT,SK,36,30,0,0,4,0,0,0,0,0,0,5,1,11,1,0.277777778,0
20190728,HH,SS,38,35,5,6,8,8,0,0,2,0,0,2,1,2,1,0.289473684,0
20190728,SS,HH,44,35,13,13,12,4,0,1,0,0,0,5,4,4,1,0.477272727,1
20190728,LG,KT,45,39,10,10,11,4,0,2,0,0,0,6,0,6,0,0.377777778,1
20190728,KT,LG,42,36,1,1,10,4,0,0,0,0,0,5,1,11,0,0.380952381,0
20190728,NC,WO,44,40,10,11,15,6,0,1,0,1,0,4,0,8,3,0.431818182,1
20190728,WO,NC,34,33,0,0,4,4,0,0,0,0,0,0,1,7,0,0.147058824,0
20190728,SK,LT,38,36,3,3,10,4,0,0,0,1,0,2,0,6,1,0.315789474,1
20190728,LT,SK,33,31,0,0,5,0,0,0,4,0,0,2,0,13,1,0.212121212,0
20190730,HH,KT,37,35,2,2,11,2,0,0,2,0,0,1,1,1,1,0.351351351,0
20190730,KT,HH,32,32,3,3,9,4,2,0,0,1,0,0,0,5,0,0.28125,1
20190730,HT,SK,41,31,2,2,6,8,0,0,2,0,0,9,1,6,0,0.390243902,1
20190730,SK,HT,29,27,0,0,3,4,0,0,2,1,0,2,0,7,1,0.172413793,0
20190730,LT,SS,37,33,2,2,8,4,0,1,2,1,0,4,0,6,2,0.324324324,0
20190730,SS,LT,36,32,5,5,11,6,2,1,2,1,0,3,1,6,2,0.416666667,1
20190730,OB,NC,41,32,9,9,10,2,2,0,0,1,2,4,2,4,0,0.4,1
20190730,NC,OB,36,34,1,1,7,2,0,0,2,1,0,1,1,9,0,0.25,0
20190730,WO,LG,35,34,4,4,9,0,0,2,0,0,0,1,0,6,0,0.285714286,1
20190730,LG,WO,41,34,2,2,8,0,0,1,0,0,0,6,1,7,2,0.365853659,0
20190731,HH,KT,35,32,5,5,10,2,0,1,2,0,0,2,0,5,3,0.352941176,1
20190731,KT,HH,37,33,2,2,7,0,0,0,4,0,0,4,0,5,1,0.297297297,0
20190731,HT,SK,45,36,6,6,11,0,0,1,2,0,0,9,0,8,2,0.444444444,1
20190731,SK,HT,34,30,2,2,4,2,0,0,0,0,0,4,0,8,0,0.235294118,0
20190731,LT,SS,44,39,8,8,11,2,4,3,2,0,0,5,0,10,0,0.363636364,1
20190731,SS,LT,35,32,4,4,8,2,0,3,0,0,0,3,0,5,2,0.314285714,0
20190731,OB,NC,42,34,2,4,7,6,0,0,2,1,0,7,1,4,1,0.357142857,0
20190731,NC,OB,37,35,8,8,13,2,0,2,0,0,0,1,1,3,2,0.405405405,1
20190731,WO,LG,44,38,7,8,11,2,2,0,2,1,1,4,1,4,0,0.363636364,1
20190731,LG,WO,33,31,0,0,7,0,0,0,0,0,0,2,0,4,3,0.272727273,0
20190801,HH,KT,38,36,3,3,9,2,0,0,2,1,0,2,0,9,0,0.289473684,1
20190801,KT,HH,35,32,1,1,8,0,0,0,2,0,0,2,0,9,0,0.294117647,0
20190801,HT,SK,35,32,1,1,5,2,0,0,0,0,0,2,1,6,0,0.228571429,0
20190801,SK,HT,38,36,10,10,12,6,0,3,0,0,0,2,0,7,0,0.368421053,1
20190801,LT,SS,40,32,8,9,7,2,0,2,0,0,0,6,2,2,2,0.375,1
20190801,SS,LT,32,31,4,4,5,2,0,2,0,0,0,1,0,9,1,0.1875,0
20190801,OB,NC,45,39,2,3,8,0,0,0,6,0,1,5,0,7,0,0.288888889,1
20190801,NC,OB,43,35,2,2,7,0,0,0,2,2,0,5,2,9,0,0.333333333,0
20190801,WO,LG,37,30,4,5,4,0,0,1,2,1,0,7,0,11,1,0.297297297,0
20190801,LG,WO,43,40,11,11,17,14,0,0,0,0,0,3,0,5,1,0.465116279,1
20190803,KT,WO,40,35,6,7,11,6,2,0,0,2,1,2,0,4,1,0.342105263,1
20190803,WO,KT,35,30,1,1,6,0,0,0,2,0,0,5,0,4,3,0.314285714,0
20190803,NC,HT,33,29,0,1,3,0,0,0,0,1,0,3,1,8,1,0.212121212,0
20190803,HT,NC,37,33,5,5,10,4,0,1,4,0,0,2,1,6,0,0.361111111,1
20190803,OB,LT,36,31,1,1,4,2,0,0,2,0,1,4,0,6,0,0.222222222,0
20190803,LT,OB,32,31,2,2,9,6,0,0,0,0,0,1,0,2,2,0.3125,1
20190803,SK,HH,41,36,3,3,10,4,0,0,0,0,0,3,1,4,0,0.35,1
20190803,HH,SK,34,33,0,0,6,0,0,0,0,0,0,1,0,6,0,0.205882353,0
20190803,SS,LG,45,41,9,10,14,0,2,2,4,1,0,3,1,8,0,0.4,0
20190803,LG,SS,45,34,13,13,15,4,0,1,4,1,3,6,1,7,0,0.5,1
20190804,KT,WO,36,32,5,5,7,2,4,0,0,0,1,2,0,9,0,0.257142857,1
20190804,WO,KT,39,37,3,3,9,2,2,0,2,0,0,2,0,7,0,0.282051282,0
20190804,NC,HT,29,29,0,0,2,0,0,0,2,0,0,0,0,7,0,0.068965517,0
20190804,HT,NC,27,26,1,1,3,0,0,1,0,0,0,1,0,3,0,0.148148148,1
20190804,OB,LT,37,35,4,4,10,6,0,1,0,0,0,2,0,4,1,0.324324324,0
20190804,LT,OB,44,40,7,9,19,8,0,0,0,1,1,1,2,5,0,0.5,1
20190804,SK,HH,34,31,2,2,5,2,0,0,0,1,0,2,1,6,1,0.235294118,0
20190804,HH,SK,41,37,8,8,13,4,0,1,2,0,0,4,0,7,0,0.414634146,1
20190804,SS,LG,35,33,2,2,7,2,0,0,4,0,1,1,0,6,0,0.228571429,1
20190804,LG,SS,33,32,1,1,8,2,0,0,0,1,0,1,0,3,1,0.272727273,0
20190806,HH,OB,37,37,3,3,11,4,2,0,0,2,0,0,0,7,0,0.297297297,0
20190806,OB,HH,44,39,7,8,16,4,0,1,2,0,1,4,0,2,0,0.454545455,1
20190806,KT,SK,38,35,3,3,8,0,0,1,8,0,0,2,1,9,1,0.289473684,1
20190806,SK,KT,33,31,0,0,5,0,0,0,2,1,0,2,0,8,0,0.212121212,0
20190806,LG,HT,53,45,16,17,18,6,0,1,0,0,1,5,2,10,0,0.471698113,1
20190806,HT,LG,40,39,3,4,14,4,0,0,0,0,0,1,0,4,2,0.375,0
20190807,HH,OB,41,36,7,7,13,2,0,1,2,0,1,1,3,2,3,0.414634146,1
20190807,OB,HH,42,38,5,5,11,0,2,1,2,0,1,3,0,5,1,0.333333333,0
20190807,KT,SK,32,30,2,2,4,0,2,1,0,0,0,2,0,4,1,0.1875,0
20190807,SK,KT,36,32,5,5,9,4,0,0,0,0,0,4,0,1,1,0.361111111,1
20190807,LG,HT,35,31,4,5,8,2,0,0,2,0,1,3,0,7,2,0.314285714,0
20190807,HT,LG,38,32,10,10,12,4,0,0,2,1,1,4,1,6,0,0.447368421,1
20190807,SS,NC,47,37,1,1,7,2,0,0,0,3,0,7,2,11,1,0.347826087,0
20190807,NC,SS,45,37,2,2,6,2,0,2,0,0,0,5,1,5,1,0.279069767,1
20190807,WO,LT,49,43,15,16,17,8,4,2,0,0,1,4,0,7,0,0.4375,1
20190807,LT,WO,36,33,4,4,7,4,0,1,0,0,1,0,2,6,0,0.25,0
20190808,HH,HT,41,34,2,2,7,2,0,0,2,0,0,4,3,5,2,0.341463415,0
20190808,HT,HH,35,30,5,5,11,2,0,0,2,1,1,4,0,5,1,0.428571429,1
20190808,KT,OB,34,32,2,2,8,2,0,0,2,0,0,2,0,9,0,0.294117647,0
20190808,OB,KT,37,31,7,7,10,4,0,2,2,1,0,4,1,2,2,0.416666667,1
20190808,LG,NC,39,39,2,2,12,4,0,1,0,0,0,0,0,4,1,0.307692308,0
20190808,NC,LG,50,37,11,13,13,8,2,1,0,0,0,10,1,2,0,0.5,1
20190808,LT,SS,42,40,6,8,12,2,4,1,4,0,0,2,0,9,0,0.333333333,1
20190808,SS,LT,37,31,0,0,5,2,0,0,0,0,0,4,2,4,1,0.297297297,0
20190808,SK,WO,40,38,5,6,10,4,0,0,0,0,0,2,0,11,0,0.3,1
20190808,WO,SK,35,35,0,1,8,0,0,0,0,0,0,0,0,7,0,0.228571429,0
20190809,HH,HT,39,36,4,4,10,0,0,2,0,0,1,2,0,7,1,0.307692308,0
20190809,HT,HH,42,38,9,10,14,10,0,0,0,0,0,3,1,5,1,0.428571429,1
20190809,KT,OB,37,34,1,1,6,0,0,0,0,0,0,2,0,5,0,0.222222222,0
20190809,OB,KT,35,28,3,3,6,0,2,0,4,0,1,5,0,3,2,0.323529412,1
20190809,LG,NC,44,38,4,5,11,4,0,0,0,2,0,5,0,11,1,0.372093023,1
20190809,NC,LG,37,32,2,2,6,2,0,1,2,1,0,5,0,6,2,0.297297297,0
20190809,LT,SS,43,37,6,6,10,4,0,1,0,0,0,5,1,7,0,0.372093023,1
20190809,SS,LT,33,29,2,3,3,2,0,0,0,0,1,2,0,7,0,0.15625,0
20190809,SK,WO,40,35,4,4,9,4,0,0,2,0,0,3,1,4,0,0.333333333,0
20190809,WO,SK,45,37,5,5,14,6,0,0,2,0,1,5,1,9,0,0.454545455,1
20190810,HH,KT,35,30,4,4,6,4,0,1,0,0,0,4,1,6,2,0.314285714,0
20190810,KT,HH,36,34,5,5,10,0,0,2,0,0,0,2,0,6,1,0.333333333,1
20190810,HT,SS,42,37,7,7,12,12,2,1,2,0,1,3,0,4,1,0.365853659,1
20190810,SS,HT,31,30,2,2,5,0,0,2,0,0,0,1,0,4,2,0.193548387,0
20190810,LT,NC,34,33,4,4,6,4,0,1,0,0,0,1,0,9,0,0.205882353,0
20190810,NC,LT,34,31,7,7,9,4,0,0,0,0,0,3,0,5,1,0.352941176,1
20190810,OB,WO,38,34,2,2,10,4,0,0,2,0,1,3,0,8,1,0.342105263,0
20190810,WO,OB,44,34,10,10,13,10,2,0,2,0,2,5,3,2,1,0.477272727,1
20190810,SK,LG,37,31,2,2,7,4,0,0,2,1,1,4,1,5,0,0.324324324,1
20190810,LG,SK,33,31,0,0,5,0,0,0,0,1,0,2,0,8,0,0.212121212,0
20190811,HH,KT,39,35,6,6,9,6,0,1,2,0,0,2,0,8,0,0.297297297,1
20190811,KT,HH,44,39,4,4,12,4,0,0,0,0,1,4,0,6,1,0.363636364,0
20190811,HT,SS,44,38,4,4,10,6,0,0,2,0,0,6,0,7,0,0.363636364,0
20190811,SS,HT,41,33,5,5,10,0,0,1,2,0,1,6,1,8,0,0.414634146,1
20190811,LT,NC,36,32,1,1,8,0,0,0,0,0,0,4,0,10,3,0.333333333,0
20190811,NC,LT,39,32,9,9,13,4,2,3,4,0,2,3,0,6,2,0.432432432,1
20190811,OB,WO,52,46,10,12,20,6,0,0,4,1,1,3,2,4,0,0.480769231,1
20190811,WO,OB,41,37,7,7,13,2,0,3,0,0,1,3,0,3,2,0.390243902,0
20190811,SK,LG,36,34,3,3,9,4,0,0,6,1,1,1,0,8,0,0.277777778,0
20190811,LG,SK,32,28,4,4,8,2,0,2,0,1,0,3,0,5,1,0.35483871,1
20190813,KT,LT,41,40,5,5,12,2,0,1,0,0,0,1,0,7,0,0.317073171,0
20190813,LT,KT,40,37,6,6,13,10,0,1,4,0,0,3,0,7,0,0.4,1
20190813,NC,HH,50,43,10,10,18,2,2,3,0,0,0,6,1,4,1,0.5,1
20190813,HH,NC,36,33,2,2,8,4,0,0,0,0,0,2,1,6,2,0.305555556,0
20190813,OB,HT,37,31,5,5,7,2,2,2,2,0,2,4,0,5,2,0.297297297,1
20190813,HT,OB,41,33,2,2,9,8,0,0,0,0,1,7,0,5,2,0.390243902,0
20190813,SS,SK,32,31,1,1,7,0,0,1,2,0,0,1,0,6,3,0.25,0
20190813,SK,SS,35,27,4,4,6,0,4,1,0,2,1,4,3,10,0,0.371428571,1
20190813,WO,LG,41,33,7,7,10,6,2,1,4,1,1,7,0,4,2,0.414634146,0
20190813,LG,WO,43,36,8,8,15,2,0,1,2,0,0,4,1,6,0,0.487804878,1
20190814,KT,LT,42,34,6,6,12,8,0,1,0,0,1,4,1,4,2,0.425,1
20190814,LT,KT,32,31,0,0,5,6,0,0,0,0,0,1,0,7,0,0.1875,0
20190814,NC,HH,35,31,3,3,4,2,0,1,0,0,0,4,0,8,0,0.228571429,0
20190814,HH,NC,42,38,8,9,13,2,2,1,0,0,0,4,0,3,1,0.404761905,1
20190814,OB,HT,38,32,0,1,7,0,0,0,0,1,0,5,0,4,1,0.324324324,0
20190814,HT,OB,34,30,4,4,8,4,0,0,0,0,1,2,1,3,1,0.323529412,1
20190814,WO,LG,47,40,14,14,17,4,0,3,4,1,0,4,2,3,2,0.5,1
20190814,LG,WO,31,30,0,0,4,6,0,0,0,0,0,1,0,8,1,0.161290323,0
20190815,HH,LT,37,35,5,5,11,0,0,0,2,1,0,1,1,10,1,0.351351351,0
20190815,LT,HH,41,39,11,11,16,4,0,3,0,0,0,2,0,10,0,0.43902439,1
20190815,NC,WO,38,35,3,3,8,6,2,0,2,0,0,1,1,3,0,0.27027027,0
20190815,WO,NC,36,30,4,4,9,4,2,0,0,0,2,3,0,3,0,0.342857143,1
20190815,SK,HT,42,37,7,7,11,8,2,1,2,1,0,5,0,8,0,0.380952381,1
20190815,HT,SK,43,35,6,6,9,2,0,1,2,0,0,8,0,10,0,0.395348837,0
20190816,HH,LT,32,31,2,2,7,4,0,0,0,1,0,0,1,6,1,0.25,1
20190816,LT,HH,32,29,1,1,4,2,0,0,0,1,0,2,1,3,1,0.21875,0
20190816,LG,OB,36,32,4,4,6,0,0,1,2,0,1,2,1,2,2,0.25,0
20190816,OB,LG,40,35,7,7,14,6,2,1,2,2,1,4,0,8,0,0.45,1
20190816,NC,WO,39,35,4,4,10,4,0,0,2,1,0,4,0,4,1,0.358974359,0
20190816,WO,NC,40,36,5,6,13,2,0,2,4,0,0,4,0,6,1,0.425,1
20190816,SK,HT,31,30,0,0,3,0,0,0,2,0,0,1,0,11,0,0.129032258,0
20190816,HT,SK,33,29,0,1,6,0,0,0,0,0,0,4,0,3,2,0.303030303,1
20190816,SS,KT,39,32,1,1,5,4,0,0,0,0,0,5,2,3,0,0.307692308,0
20190816,KT,SS,44,37,9,9,13,4,0,1,0,0,0,6,0,5,0,0.441860465,1
20190817,HH,WO,40,40,8,8,14,4,2,2,0,2,0,0,0,7,1,0.35,1
20190817,WO,HH,36,32,3,4,8,4,0,1,0,0,1,2,1,2,2,0.305555556,0
20190817,KT,HT,46,40,4,4,12,0,0,1,0,0,0,5,1,9,1,0.391304348,1
20190817,HT,KT,40,36,3,3,10,6,0,1,2,0,0,2,1,4,3,0.333333333,0
20190817,LG,SS,37,32,2,2,8,0,0,1,0,0,0,3,2,7,3,0.351351351,0
20190817,SS,LG,39,31,7,7,10,6,0,0,0,0,1,4,1,6,0,0.405405405,1
20190817,LT,OB,32,31,2,2,5,0,2,0,0,0,1,0,0,6,1,0.15625,0
20190817,OB,LT,43,37,9,9,13,6,2,0,0,0,1,3,2,5,1,0.418604651,1
20190817,SK,NC,30,28,0,0,3,0,0,0,0,1,0,2,0,5,1,0.166666667,0
20190817,NC,SK,41,35,8,9,10,4,0,2,4,0,0,5,1,2,0,0.390243902,1
20190818,HH,WO,39,33,5,5,9,0,0,0,2,1,1,3,2,6,0,0.358974359,1
20190818,WO,HH,40,36,4,4,9,0,0,2,0,0,0,4,0,7,0,0.325,0
20190818,KT,HT,39,31,2,2,5,0,0,0,2,0,0,8,0,7,0,0.333333333,1
20190818,HT,KT,37,35,1,1,9,4,0,0,2,1,0,2,0,10,0,0.297297297,0
20190818,LG,SS,41,34,8,8,11,8,0,2,0,0,1,4,2,3,1,0.414634146,1
20190818,SS,LG,37,32,1,1,7,2,0,0,0,0,1,4,0,8,0,0.297297297,0
20190818,LT,OB,35,32,3,3,6,4,0,0,0,0,1,2,0,11,1,0.228571429,0
20190818,OB,LT,42,31,11,11,12,6,0,0,0,0,1,5,2,1,1,0.487179487,1
20190818,SK,NC,37,35,4,4,12,8,0,1,0,1,1,1,0,7,0,0.351351351,0
20190818,NC,SK,38,34,5,7,11,4,2,0,0,0,1,3,0,4,2,0.368421053,1
20190820,HT,LG,39,35,3,3,7,2,0,0,0,0,0,4,0,5,0,0.282051282,0
20190820,LG,HT,51,40,14,15,14,2,2,0,4,0,1,7,3,9,0,0.470588235,1
20190820,LT,SK,34,30,0,0,4,2,0,0,2,0,0,3,1,8,1,0.235294118,0
20190820,SK,LT,35,31,5,5,10,4,0,1,2,0,1,2,1,5,1,0.371428571,1
20190820,OB,NC,31,31,2,2,4,0,0,2,0,0,0,0,0,3,0,0.129032258,0
20190820,NC,OB,33,29,3,3,8,4,0,1,0,0,0,2,0,2,1,0.322580645,1
20190820,SS,HH,40,30,5,5,6,2,0,0,4,0,1,8,1,2,0,0.375,1
20190820,HH,SS,31,31,0,0,4,0,0,0,2,0,0,0,0,12,0,0.129032258,0
20190820,WO,KT,34,32,0,0,5,0,0,0,0,0,0,2,0,2,0,0.205882353,0
20190820,KT,WO,37,34,6,6,13,4,0,1,2,1,0,2,1,7,0,0.432432432,1
20190821,HT,LG,39,35,4,4,9,2,0,1,4,0,1,2,1,7,0,0.307692308,0
20190821,LG,HT,36,33,5,6,11,4,0,0,2,0,1,2,0,5,1,0.361111111,1
20190821,LT,SK,34,32,4,4,9,0,0,1,0,0,2,0,0,6,2,0.264705882,0
20190821,SK,LT,36,34,5,5,10,2,0,0,4,0,0,2,0,7,2,0.333333333,1
20190821,WO,KT,42,35,8,8,10,2,0,2,2,0,1,6,0,9,1,0.380952381,1
20190821,KT,WO,33,33,1,1,6,0,2,0,2,0,0,0,0,7,1,0.181818182,0
20190822,HH,SK,42,36,6,6,11,6,0,1,4,0,1,3,2,5,0,0.380952381,0
20190822,SK,HH,41,33,6,8,13,4,0,0,2,1,1,5,1,7,2,0.475,1
20190822,HT,WO,51,44,5,5,13,10,0,0,2,1,0,6,0,3,2,0.38,0.5
20190822,WO,HT,45,44,5,5,10,6,0,1,0,0,0,1,0,7,1,0.244444444,0.5
20190822,LT,KT,36,35,2,2,10,2,0,2,0,0,0,0,1,6,1,0.305555556,0
20190822,KT,LT,36,33,4,4,11,8,0,0,0,0,0,1,1,4,2,0.371428571,1
20190822,NC,LG,40,34,5,5,9,0,2,1,2,1,1,4,1,10,0,0.35,1
20190822,LG,NC,35,31,2,2,3,0,0,0,0,0,0,1,2,9,0,0.176470588,0
20190822,OB,SS,48,41,13,13,15,6,2,3,0,0,0,6,1,5,1,0.458333333,1
20190822,SS,OB,34,31,1,1,4,0,0,0,0,0,0,3,0,7,0,0.205882353,0
20190823,HH,SK,37,33,2,2,9,0,0,0,4,1,0,4,0,7,1,0.351351351,0
20190823,SK,HH,38,35,5,6,11,2,0,1,2,0,0,3,0,6,0,0.368421053,1
20190823,HT,WO,34,34,0,0,7,2,0,0,0,0,0,0,0,7,0,0.205882353,0
20190823,WO,HT,38,34,6,6,12,8,0,0,0,0,0,4,0,6,2,0.421052632,1
20190823,LT,KT,48,47,3,3,13,6,2,1,0,0,0,0,0,9,1,0.276595745,0.5
20190823,KT,LT,53,44,3,3,9,0,0,1,4,0,0,9,0,11,1,0.339622642,0.5
20190823,NC,LG,38,32,1,2,8,0,0,1,0,1,0,1,4,5,1,0.351351351,0
20190823,LG,NC,41,34,7,8,14,2,0,2,2,0,1,3,2,5,1,0.475,1
20190823,OB,SS,46,39,8,8,15,2,2,1,0,0,2,5,0,2,0,0.434782609,1
20190823,SS,OB,37,31,4,4,4,2,0,1,2,0,0,5,1,4,0,0.27027027,0
20190824,HT,SK,34,33,2,3,7,0,0,1,0,0,0,1,0,7,0,0.235294118,0
20190824,SK,HT,37,30,4,4,8,6,0,0,2,1,0,5,1,5,0,0.388888889,1
20190824,KT,LG,42,36,8,8,10,0,0,3,0,0,0,5,1,8,1,0.380952381,0
20190824,LG,KT,44,41,12,12,14,6,0,1,0,0,0,2,1,6,0,0.386363636,1
20190824,NC,LT,43,38,8,8,15,14,0,1,4,0,3,2,0,6,2,0.395348837,1
20190824,LT,NC,36,32,3,3,8,0,0,2,0,1,1,3,0,3,1,0.305555556,0
20190824,OB,HH,50,44,11,13,16,8,2,2,4,1,0,6,0,6,0,0.44,1
20190824,HH,OB,36,34,3,3,10,8,0,0,0,1,1,1,0,4,2,0.305555556,0
20190824,WO,SS,41,34,1,1,9,4,2,0,0,0,0,6,0,7,0,0.375,0
20190824,SS,WO,32,30,2,2,7,6,0,0,0,0,0,2,0,6,1,0.28125,1
20190825,HT,SK,34,28,4,4,7,2,0,1,2,0,1,4,0,4,3,0.333333333,1
20190825,SK,HT,34,32,2,2,8,4,0,0,4,0,0,2,0,7,3,0.294117647,0
20190825,KT,LG,42,37,7,7,11,6,0,2,2,0,0,5,0,4,0,0.380952381,1
20190825,LG,KT,40,37,3,3,10,2,0,1,2,0,0,3,0,6,0,0.325,0
20190825,NC,LT,39,35,4,4,9,6,0,0,0,0,0,4,0,5,1,0.333333333,0
20190825,LT,NC,35,32,5,5,10,8,0,0,0,0,0,1,2,7,2,0.371428571,1
20190825,OB,HH,35,35,3,3,12,10,0,0,0,1,0,0,0,7,2,0.342857143,1
20190825,HH,OB,29,27,2,2,2,0,2,0,2,0,1,1,0,9,1,0.103448276,0
20190825,WO,SS,61,47,19,21,23,14,2,1,2,0,0,10,3,6,3,0.6,1
20190825,SS,WO,43,41,8,8,14,6,0,1,2,0,0,2,0,10,0,0.372093023,0
20190827,KT,NC,38,33,3,3,8,0,0,0,0,0,1,3,1,4,1,0.315789474,0
20190827,NC,KT,34,29,3,4,6,2,2,0,0,0,1,4,0,4,0,0.294117647,1
20190827,LG,LT,39,35,2,2,8,2,0,1,0,0,1,2,1,11,1,0.282051282,1
20190827,LT,LG,35,32,1,1,5,2,0,0,0,0,0,3,0,6,0,0.228571429,0
20190827,SK,OB,37,36,2,2,8,4,0,1,0,0,0,1,0,8,0,0.243243243,0
20190827,OB,SK,33,32,4,4,8,2,0,1,10,0,0,1,0,7,0,0.272727273,1
20190827,SS,HT,44,37,10,10,14,6,0,0,0,0,2,3,1,1,1,0.418604651,1
20190827,HT,SS,33,32,1,1,6,2,0,1,0,1,0,1,0,5,0,0.212121212,0
20190827,WO,HH,47,44,15,15,17,8,0,5,0,0,0,3,0,1,0,0.425531915,1
20190827,HH,WO,33,32,0,0,7,2,0,0,2,1,0,1,0,8,2,0.242424242,0
20190828,KT,NC,40,33,8,8,8,4,0,3,2,2,0,6,1,9,0,0.375,1
20190828,NC,KT,36,32,2,2,7,4,0,0,0,0,1,2,1,4,0,0.277777778,0
20190828,LG,LT,36,33,3,3,9,6,0,0,0,0,0,3,0,9,3,0.333333333,0
20190828,LT,LG,36,32,4,4,10,4,0,1,0,0,0,4,0,9,3,0.388888889,1
20190828,SK,OB,32,29,2,2,2,2,0,0,4,0,1,2,0,9,0,0.125,0
20190828,OB,SK,37,31,3,4,10,0,2,0,4,0,0,4,1,7,0,0.416666667,1
20190828,SS,HT,38,33,1,1,7,2,0,0,2,1,0,5,0,5,0,0.315789474,0
20190828,HT,SS,36,30,5,5,7,4,0,1,4,0,1,4,1,5,0,0.333333333,1
20190828,WO,HH,37,30,1,1,5,4,0,0,2,0,0,7,0,5,4,0.324324324,0
20190828,HH,WO,35,27,2,2,7,6,0,0,0,0,1,4,2,6,0,0.382352941,1
20190829,HT,NC,36,34,3,3,7,4,0,0,2,0,0,2,0,9,0,0.25,0
20190829,NC,HT,33,29,4,4,10,8,0,1,0,2,1,2,0,5,1,0.375,1
20190829,LT,WO,32,31,0,0,5,4,0,0,0,0,0,1,0,7,1,0.1875,0
20190829,WO,LT,36,32,3,4,8,2,0,0,4,0,0,4,0,8,1,0.333333333,1
20190829,OB,KT,42,36,8,8,10,4,0,2,0,2,0,5,1,6,0,0.380952381,0
20190829,KT,OB,41,36,11,11,16,2,0,1,0,0,0,2,1,2,2,0.487179487,1
20190829,SK,SS,42,37,4,4,11,0,0,0,0,0,0,5,0,7,0,0.380952381,0
20190829,SS,SK,37,27,5,5,7,4,0,0,4,1,2,6,1,0,0,0.388888889,1
20190830,HH,LG,37,32,0,1,6,2,2,0,0,0,0,4,0,7,1,0.277777778,1
20190830,LG,HH,37,31,0,0,4,0,0,0,2,0,0,6,0,9,0,0.27027027,0
20190830,HT,NC,44,40,8,8,14,4,2,1,0,0,0,4,0,5,1,0.409090909,1
20190830,NC,HT,41,35,2,2,9,0,0,1,0,0,1,4,1,2,0,0.341463415,0
20190830,LT,WO,32,30,1,2,4,2,0,1,0,0,0,2,0,7,0,0.1875,0
20190830,WO,LT,37,35,5,5,11,2,0,1,2,1,0,2,0,7,0,0.351351351,1
20190830,OB,KT,38,33,3,3,8,2,0,0,4,0,0,3,1,5,0,0.324324324,1
20190830,KT,OB,35,31,1,1,5,2,0,0,4,0,0,4,0,6,1,0.257142857,0
20190830,SK,SS,35,30,2,2,5,4,0,0,2,0,0,3,0,9,0,0.242424242,1
20190830,SS,SK,31,31,0,0,5,2,0,0,0,1,0,0,0,7,0,0.161290323,0
20190831,KT,HH,41,38,5,6,14,4,0,0,0,1,0,3,0,10,2,0.414634146,1
20190831,HH,KT,38,36,1,1,10,2,0,1,0,0,0,2,0,9,0,0.315789474,0
20190831,LG,SK,42,41,6,6,16,2,2,0,4,1,0,0,0,6,0,0.390243902,1
20190831,SK,LG,43,41,4,4,14,4,2,0,4,0,0,2,0,7,1,0.372093023,0
20190831,LT,HT,35,33,2,2,7,4,0,1,2,1,0,1,1,10,0,0.257142857,0
20190831,HT,LT,38,31,4,4,9,0,0,1,4,0,1,4,2,8,1,0.394736842,1
20190831,SS,OB,34,32,3,3,8,2,2,0,0,1,1,1,0,6,0,0.264705882,0
20190831,OB,SS,35,30,5,5,7,0,0,1,2,0,0,4,1,4,1,0.342857143,1
20190831,WO,NC,46,36,9,9,11,4,0,2,8,0,1,8,1,9,1,0.434782609,1
20190831,NC,WO,41,36,3,3,12,2,0,0,2,0,1,4,0,7,2,0.390243902,0
20190901,KT,HH,38,34,0,1,9,0,0,0,6,0,0,4,0,6,2,0.342105263,0
20190901,HH,KT,35,32,6,6,10,2,0,1,0,0,0,2,0,6,1,0.352941176,1
20190901,LG,SK,39,37,6,6,10,2,0,3,0,0,0,2,0,6,0,0.307692308,0
20190901,SK,LG,41,33,8,9,9,6,0,3,2,0,0,7,1,5,2,0.414634146,1
20190901,LT,HT,36,35,2,2,9,2,0,0,2,0,0,1,0,10,1,0.277777778,0
20190901,HT,LT,34,32,4,4,13,4,0,1,2,2,0,2,0,7,1,0.441176471,1
20190901,SS,OB,33,31,1,1,6,0,0,0,0,1,0,1,1,9,0,0.242424242,0
20190901,OB,SS,37,32,4,4,8,0,0,0,4,0,0,3,1,1,0,0.333333333,1
20190901,WO,NC,37,33,2,2,8,0,0,0,0,0,0,2,2,3,1,0.324324324,0
20190901,NC,WO,33,32,3,4,10,6,0,0,2,0,0,1,0,2,2,0.333333333,1
20190903,HT,HH,41,36,6,6,10,6,0,1,0,0,0,4,1,7,1,0.365853659,1
20190903,HH,HT,39,34,2,5,9,6,0,0,0,2,0,3,1,16,0,0.342105263,0
20190903,LG,KT,39,32,4,5,6,0,0,1,4,0,0,6,1,6,1,0.333333333,1
20190903,KT,LG,31,29,0,0,3,0,0,0,0,0,0,1,1,7,1,0.161290323,0
20190903,NC,SK,35,31,1,1,5,0,0,0,0,0,0,3,1,9,0,0.257142857,0
20190903,SK,NC,40,35,7,8,13,6,0,1,4,1,0,2,2,6,0,0.435897436,1
20190903,SS,LT,40,35,4,5,9,0,0,2,0,0,0,4,1,5,0,0.35,1
20190903,LT,SS,34,32,3,4,5,6,0,1,0,0,0,2,0,11,1,0.205882353,0
20190903,WO,OB,38,36,5,5,9,0,0,2,4,0,0,2,0,5,0,0.289473684,1
20190903,OB,WO,38,33,1,2,7,0,0,0,0,1,1,4,0,6,0,0.289473684,0
20190904,HT,HH,37,32,1,1,7,2,0,0,2,1,0,4,1,7,0,0.324324324,1
20190904,HH,HT,32,31,0,0,5,0,0,0,2,1,0,1,0,12,0,0.1875,0
20190904,SS,LT,45,40,8,8,12,2,0,1,0,0,0,5,0,8,1,0.377777778,1
20190904,LT,SS,39,36,0,0,9,4,0,0,0,0,0,3,0,10,1,0.307692308,0
20190905,HH,NC,36,33,3,3,7,0,0,2,0,1,0,2,1,5,0,0.277777778,1
20190905,NC,HH,30,28,0,0,4,4,0,0,2,0,0,1,0,5,1,0.172413793,0
20190905,SS,WO,38,33,4,4,10,2,0,0,0,0,0,3,1,5,3,0.378378378,1
20190905,WO,SS,35,29,0,0,3,0,0,0,0,1,0,4,1,4,1,0.235294118,0
20190906,HH,NC,36,34,0,0,7,4,0,0,0,0,0,2,0,7,0,0.25,0
20190906,NC,HH,33,29,4,4,8,0,0,2,4,1,1,2,1,7,1,0.333333333,1
20190906,HT,KT,37,35,2,2,10,0,0,0,0,0,0,2,0,6,2,0.324324324,0
20190906,KT,HT,39,35,5,5,11,2,2,2,4,0,0,2,1,5,0,0.368421053,1
20190906,LT,LG,35,33,1,2,6,6,0,1,2,0,0,2,0,9,2,0.228571429,0
20190906,LG,LT,35,32,5,5,9,4,0,1,2,0,1,2,0,11,0,0.314285714,1
20190906,SS,WO,34,33,1,1,7,2,0,0,2,0,0,1,0,9,1,0.235294118,0
20190906,WO,SS,37,33,6,6,11,8,0,0,0,0,0,3,0,9,1,0.388888889,1
20190907,LT,HH,35,35,1,1,9,0,0,1,0,0,0,0,0,10,1,0.257142857,0
20190907,HH,LT,40,35,5,5,14,4,2,0,0,0,1,3,0,5,1,0.435897436,1
20190907,NC,SS,40,34,8,8,11,4,2,4,0,1,1,2,1,4,0,0.368421053,1
20190907,SS,NC,32,30,2,2,6,2,0,2,0,0,0,2,0,8,3,0.25,0
20190907,WO,HT,45,37,7,7,13,0,0,0,0,0,0,7,0,6,2,0.454545455,1
20190907,HT,WO,34,34,2,3,9,2,0,0,2,0,0,0,0,5,2,0.264705882,0
20190908,LT,HH,48,40,12,12,13,2,0,2,4,0,0,8,0,3,1,0.4375,1
20190908,HH,LT,34,30,0,0,3,4,0,0,0,0,0,3,1,9,0,0.205882353,0
20190908,NC,SS,41,38,4,4,10,4,0,1,0,0,0,3,0,5,0,0.317073171,0
20190908,SS,NC,41,36,9,9,12,8,0,1,0,0,0,4,1,7,0,0.414634146,1
20190908,OB,LG,36,30,1,1,8,2,0,0,0,1,1,3,0,5,0,0.323529412,0
20190908,LG,OB,34,32,2,2,8,2,0,1,0,0,0,2,0,6,1,0.294117647,1
20190908,SK,KT,32,28,0,0,3,0,0,0,0,0,0,3,1,4,2,0.21875,0
20190908,KT,SK,33,29,5,5,8,2,0,0,2,0,1,3,0,6,0,0.333333333,1
20190908,WO,HT,53,45,12,13,16,8,0,2,2,0,0,8,0,5,1,0.452830189,1
20190908,HT,WO,38,35,3,3,8,4,0,0,0,0,0,3,0,7,1,0.289473684,0
20190910,HT,LT,39,34,4,4,10,0,0,1,0,0,1,4,0,7,2,0.358974359,0
20190910,LT,HT,41,36,8,8,13,4,0,0,0,1,1,4,0,5,1,0.414634146,1
20190910,KT,SS,34,33,2,2,7,4,0,0,2,0,0,1,0,10,1,0.235294118,0
20190910,SS,KT,32,28,3,3,5,2,0,0,4,1,1,2,0,5,0,0.225806452,1
20190910,LG,HH,42,36,5,5,10,6,0,1,2,0,0,6,0,8,1,0.380952381,1
20190910,HH,LG,39,36,2,2,10,0,0,0,0,1,0,3,0,6,0,0.333333333,0
20190911,HT,LT,40,35,4,4,9,2,2,2,2,0,0,4,1,6,1,0.35,1
20190911,LT,HT,31,30,0,0,3,0,0,0,0,0,0,0,0,7,0,0.1,0
20190911,KT,SS,45,39,7,8,13,8,2,1,0,1,0,6,0,5,0,0.422222222,0
20190911,SS,KT,40,35,10,11,11,2,2,4,0,0,0,4,1,6,0,0.4,1
20190911,LG,HH,37,36,5,5,10,14,0,0,0,0,0,1,0,7,1,0.297297297,0
20190911,HH,LG,45,35,9,9,13,12,0,0,2,1,0,10,0,5,1,0.511111111,1
20190911,NC,OB,38,33,4,4,9,4,0,1,0,0,1,2,0,6,0,0.305555556,1
20190911,OB,NC,31,29,0,0,2,0,0,0,0,0,0,2,0,5,0,0.129032258,0
20190911,WO,SK,38,36,4,4,12,2,0,0,2,0,1,1,0,11,2,0.342105263,1
20190911,SK,WO,35,30,2,2,5,0,0,1,4,1,1,4,0,7,0,0.257142857,0
20190912,HT,OB,33,32,0,0,3,2,0,0,0,0,0,0,1,5,0,0.121212121,0
20190912,OB,HT,33,33,5,5,11,4,0,0,0,0,0,0,0,4,2,0.333333333,1
20190912,LG,WO,36,28,2,2,5,6,0,0,2,1,1,3,2,5,1,0.294117647,0
20190912,WO,LG,34,28,2,3,6,2,0,0,4,1,0,4,2,8,2,0.352941176,1
20190912,NC,KT,43,39,7,7,13,2,2,0,6,0,0,4,0,5,1,0.395348837,1
20190912,KT,NC,42,38,4,4,13,4,0,0,0,1,0,3,0,9,0,0.390243902,0
20190912,SK,LT,33,31,2,2,4,0,0,1,0,0,0,2,0,10,0,0.181818182,1
20190912,LT,SK,30,30,1,1,6,0,0,1,0,0,0,0,0,5,2,0.2,0
20190913,HH,SS,42,40,3,5,10,2,0,1,0,0,0,1,1,7,0,0.285714286,1
20190913,SS,HH,38,32,4,4,9,4,0,1,2,1,1,5,0,9,1,0.368421053,0
20190913,HT,OB,31,31,2,2,7,2,0,0,0,1,0,0,0,1,2,0.225806452,0
20190913,OB,HT,34,32,5,6,9,8,0,0,6,1,1,1,0,1,1,0.294117647,1
20190913,LG,WO,37,35,4,4,9,8,0,1,2,0,0,2,0,6,1,0.297297297,1
20190913,WO,LG,38,33,1,1,8,0,0,0,2,0,0,2,1,5,0,0.305555556,0
20190913,NC,KT,35,33,5,5,11,2,0,1,0,0,0,0,0,7,2,0.333333333,1
20190913,KT,NC,40,35,2,2,9,2,0,0,0,1,0,3,2,8,0,0.35,0
20190913,SK,LT,33,27,0,0,3,2,0,0,0,1,0,5,0,4,0,0.25,0
20190913,LT,SK,29,28,1,1,6,4,0,0,0,1,0,1,0,8,1,0.24137931,1
20190914,HT,LG,32,31,2,2,6,0,0,0,0,1,0,1,0,4,2,0.21875,0
20190914,LG,HT,36,34,7,7,11,4,0,1,6,1,0,2,0,7,0,0.361111111,1
20190914,LT,HH,34,33,2,2,6,8,0,0,0,0,0,1,0,9,0,0.205882353,0
20190914,HH,LT,41,35,5,5,12,2,0,0,0,0,1,4,0,5,0,0.4,1
20190914,OB,SK,46,38,6,6,12,6,0,0,0,0,0,7,0,5,0,0.422222222,0
20190914,SK,OB,45,41,5,7,18,2,0,1,2,0,0,2,1,7,1,0.477272727,1
20190914,SS,NC,33,32,1,1,5,2,0,1,0,1,0,1,0,6,0,0.181818182,0
20190914,NC,SS,41,36,7,7,13,8,2,1,2,0,0,3,1,3,0,0.425,1
20190914,WO,KT,35,32,2,2,6,2,0,1,2,0,0,3,0,9,1,0.257142857,0
20190914,KT,WO,35,30,3,3,7,2,0,1,2,0,1,4,0,3,0,0.314285714,1
20190915,KT,SK,44,35,8,8,11,6,0,2,4,0,0,8,0,10,1,0.441860465,1
20190915,SK,KT,40,37,6,6,9,2,0,3,2,0,0,2,1,8,0,0.3,0
20190915,LT,HH,39,35,7,7,10,4,0,1,0,0,1,3,0,6,1,0.333333333,1
20190915,HH,LT,37,33,1,1,8,0,0,0,2,1,0,3,1,9,1,0.324324324,0
20190915,OB,LG,41,37,3,4,10,2,0,0,0,0,0,4,0,6,1,0.341463415,0
20190915,LG,OB,40,36,10,10,16,8,2,2,2,1,1,2,0,6,1,0.461538462,1
20190915,SS,NC,35,32,1,1,6,2,0,1,0,0,0,3,0,8,1,0.257142857,0
20190915,NC,SS,33,29,6,6,8,2,2,2,0,0,0,2,0,5,0,0.322580645,1
20190916,HH,SS,49,37,9,11,12,2,0,1,4,0,0,10,1,6,0,0.479166667,1
20190916,SS,HH,34,29,1,1,6,0,0,1,4,0,0,4,1,4,4,0.323529412,0
20190916,LG,KT,40,39,4,4,14,2,0,2,0,0,0,1,0,5,1,0.375,1
20190916,KT,LG,37,34,1,2,7,0,0,1,0,0,0,2,1,6,1,0.27027027,0
20190916,WO,OB,40,37,5,6,11,4,0,1,6,0,1,2,0,9,0,0.325,1
20190916,OB,WO,36,33,2,3,6,0,0,0,4,0,0,3,0,5,1,0.25,0
20190917,NC,HT,33,30,2,2,3,0,0,1,0,0,0,2,0,7,0,0.15625,0
20190917,HT,NC,36,28,3,3,6,2,0,0,2,0,1,6,1,7,0,0.361111111,1
20190917,WO,HH,31,30,0,0,3,0,0,0,0,0,0,0,1,12,0,0.129032258,0
20190917,HH,WO,30,30,1,1,6,0,0,0,0,0,0,0,0,9,0,0.2,1
20190918,LG,SS,33,30,4,4,4,2,0,3,0,1,0,2,1,4,1,0.212121212,1
20190918,SS,LG,41,37,1,3,8,6,0,1,2,0,0,2,1,5,0,0.275,0
20190918,LT,HT,41,35,5,5,10,6,0,0,0,2,0,4,2,5,1,0.390243902,0
20190918,HT,LT,35,34,6,6,11,6,0,0,0,0,0,1,0,6,1,0.342857143,1
20190918,NC,SK,38,33,5,6,9,4,0,3,2,0,0,3,0,7,1,0.333333333,1
20190918,SK,NC,33,30,0,0,5,2,0,0,0,0,0,3,0,6,2,0.242424242,0
20190919,HT,SS,37,36,2,2,11,2,0,0,0,0,0,1,0,6,3,0.324324324,0
20190919,SS,HT,44,38,12,12,14,12,0,3,2,0,1,4,1,9,0,0.431818182,1
20190919,LG,NC,43,37,3,3,11,6,0,1,0,0,0,4,1,11,0,0.380952381,0
20190919,NC,LG,36,27,5,5,6,0,0,1,2,0,1,5,1,5,0,0.352941176,1
20190919,OB,SK,43,37,6,6,11,0,2,1,2,0,1,4,1,4,0,0.372093023,1
20190919,OB,SK,41,33,7,7,11,0,0,2,0,0,3,5,0,7,2,0.390243902,0.5
20190919,SK,OB,38,35,4,4,9,2,0,1,0,0,0,1,2,10,1,0.315789474,0
20190919,SK,OB,30,30,3,3,4,0,0,2,0,1,0,0,0,8,0,0.133333333,0.5
20190920,HT,OB,34,32,2,2,7,0,0,1,2,0,1,1,0,6,0,0.235294118,0
20190920,OB,HT,35,34,4,6,9,0,0,0,6,0,0,1,0,7,0,0.285714286,1
20190920,KT,LT,38,35,7,7,9,4,0,3,4,0,0,3,0,11,1,0.315789474,1
20190920,LT,KT,30,29,0,0,5,0,0,0,0,0,0,1,0,6,3,0.2,0
20190920,SS,HH,38,33,3,3,8,4,2,0,0,1,1,4,0,6,0,0.315789474,0
20190920,HH,SS,34,28,4,5,5,6,0,0,2,0,1,4,1,5,0,0.294117647,1
20190920,WO,SK,39,33,5,5,8,2,0,1,2,0,0,4,2,7,2,0.358974359,1
20190920,SK,WO,38,34,1,1,9,0,0,0,4,0,1,2,1,9,1,0.315789474,0
20190921,HT,OB,37,36,2,3,8,2,0,0,0,0,0,1,0,7,1,0.243243243,0
20190921,OB,HT,39,34,4,5,12,2,0,0,6,1,0,5,0,4,1,0.435897436,1
20190921,SS,KT,40,32,6,6,6,0,0,1,0,0,1,6,0,10,0,0.307692308,1
20190921,KT,SS,38,35,3,3,10,0,2,0,6,0,2,0,1,7,1,0.289473684,0
20190922,LG,OB,43,41,6,6,11,2,0,1,4,0,0,2,0,11,0,0.302325581,1
20190922,OB,LG,45,39,3,3,10,6,0,0,0,0,0,5,1,7,1,0.355555556,0
20190923,HH,LG,45,39,9,9,14,2,0,1,2,0,0,4,2,8,2,0.444444444,1
20190923,LG,HH,34,32,1,1,7,2,0,0,4,0,0,2,0,5,1,0.264705882,0
20190923,HT,KT,34,33,1,1,7,6,0,0,2,1,0,1,0,10,0,0.235294118,0
20190923,KT,HT,35,32,2,2,11,6,0,0,2,0,0,2,1,6,1,0.4,1
20190923,NC,LT,37,32,6,6,8,6,0,1,2,1,0,4,0,8,1,0.333333333,1
20190923,LT,NC,38,32,1,1,8,6,0,0,0,0,0,6,0,6,2,0.368421053,0
20190924,OB,NC,53,50,7,7,15,2,2,2,2,0,1,2,0,7,0,0.320754717,0.5
20190924,NC,OB,54,50,7,7,14,2,2,1,4,0,0,3,1,6,0,0.333333333,0.5
20190924,SK,KT,37,34,1,3,8,2,0,0,2,0,0,3,0,3,1,0.297297297,0
20190924,KT,SK,37,34,6,7,14,0,0,0,0,0,1,2,0,8,1,0.432432432,1
20190924,SS,LG,37,36,4,4,8,2,2,1,2,0,0,1,0,12,0,0.243243243,1
20190924,LG,SS,38,34,2,2,9,4,0,0,0,0,0,3,1,7,2,0.342105263,0
20190924,WO,HT,35,34,0,0,8,0,0,0,2,0,0,1,0,8,2,0.257142857,0
20190924,HT,WO,36,34,5,5,11,6,2,1,0,1,0,2,0,4,0,0.361111111,1
20190925,HH,NC,37,35,3,3,11,2,0,1,0,0,0,1,0,6,2,0.333333333,1
20190925,NC,HH,40,36,1,2,9,2,0,0,4,0,0,4,0,7,0,0.325,0
20190925,OB,LT,42,38,7,7,13,4,0,0,0,1,1,2,1,3,0,0.380952381,1
20190925,LT,OB,34,32,0,0,5,2,0,0,0,0,0,1,1,12,0,0.205882353,0
20190925,SS,SK,32,29,0,0,5,0,0,0,0,1,0,2,0,10,1,0.225806452,0
20190925,SK,SS,31,29,1,1,6,0,0,1,0,0,0,2,0,4,0,0.258064516,1
20190926,HH,NC,46,38,4,4,13,2,0,1,2,0,1,5,1,7,1,0.422222222,1
20190926,NC,HH,42,38,2,2,13,0,0,0,0,0,0,2,2,4,3,0.404761905,0
20190926,HT,LT,37,31,3,3,3,0,0,1,2,1,0,5,1,9,0,0.243243243,1
20190926,LT,HT,33,31,1,1,4,2,0,1,0,0,0,2,0,10,0,0.181818182,0
20190926,LG,KT,41,36,4,4,10,2,0,0,10,0,0,4,0,14,1,0.35,1
20190926,KT,LG,35,33,3,3,7,4,0,1,2,1,0,2,0,7,0,0.257142857,0
20190926,OB,SS,46,41,11,11,14,6,0,0,0,0,0,4,1,1,1,0.413043478,1
20190926,SS,OB,30,29,0,0,4,0,0,0,0,0,0,1,0,3,2,0.166666667,0
20190927,NC,LG,41,32,3,3,8,2,0,0,2,2,1,5,3,11,0,0.390243902,1
20190927,LG,NC,31,31,0,0,7,0,0,0,0,2,0,0,0,8,1,0.225806452,0
20190927,SK,SS,40,31,4,4,8,6,0,1,4,1,1,6,0,5,0,0.368421053,1
20190927,SS,SK,30,30,0,0,4,0,0,0,6,0,0,0,0,7,1,0.133333333,0
20190928,HH,OB,43,42,6,6,13,6,0,0,0,0,1,0,0,6,0,0.302325581,0
20190928,OB,HH,48,39,7,7,13,2,0,0,6,0,1,6,0,4,0,0.413043478,1
20190928,LG,HT,38,29,1,1,5,2,0,0,2,0,1,5,3,7,2,0.342105263,0
20190928,HT,LG,41,36,7,7,13,2,0,0,2,0,0,3,2,9,1,0.43902439,1
20190928,NC,KT,41,36,2,2,10,0,0,1,4,1,0,4,0,4,0,0.35,0
20190928,KT,NC,34,31,4,5,8,0,0,1,4,0,0,3,0,7,1,0.323529412,1
20190928,SK,SS,45,41,7,7,13,0,0,3,2,0,0,4,0,9,1,0.377777778,0
20190928,SS,SK,47,38,9,9,12,10,0,1,2,0,1,8,0,10,0,0.425531915,1
20190929,OB,LG,34,28,2,3,4,0,0,0,4,0,1,4,1,5,1,0.264705882,1
20190929,LG,OB,32,31,0,0,4,0,0,0,0,0,0,1,0,6,0,0.15625,0
20190929,SK,HH,32,25,2,2,3,2,0,2,0,1,0,4,1,7,1,0.266666667,1
20190929,HH,SK,29,28,0,0,2,0,0,0,2,1,0,1,0,9,0,0.103448276,0
20190929,SS,KT,38,33,0,0,6,2,0,0,0,0,0,5,0,10,0,0.289473684,0
20190929,KT,SS,35,32,6,7,7,0,2,3,2,0,0,3,0,2,3,0.285714286,1
20190929,WO,LT,37,32,4,4,5,4,0,0,0,0,0,2,2,4,0,0.25,1
20190929,LT,WO,35,34,1,1,7,4,0,0,0,0,0,0,1,9,0,0.228571429,0
20190930,LT,LG,32,29,0,0,3,2,0,0,0,0,0,3,0,4,1,0.1875,0
20190930,LG,LT,32,27,2,2,6,0,0,0,0,1,1,3,1,5,1,0.3125,1
20190930,SK,HH,41,33,6,6,9,2,0,1,2,0,0,6,0,9,1,0.384615385,1
20190930,HH,SK,35,33,2,2,9,4,0,1,0,0,1,0,0,5,2,0.264705882,0
20191001,NC,OB,45,43,4,5,17,4,0,0,2,0,0,2,0,7,1,0.422222222,0
20191001,OB,NC,42,40,5,6,15,2,2,0,0,0,0,1,0,6,0,0.390243902,1
20191001,WO,LT,38,35,2,3,8,6,0,0,2,1,0,3,0,9,1,0.289473684,1
20191001,LT,WO,37,36,1,1,9,0,0,0,0,0,0,1,0,8,0,0.27027027,0
20191003,NC,LG,35,33,1,1,5,0,0,1,2,0,0,2,0,3,0,0.2,0
20191003,LG,NC,37,32,3,3,10,2,0,0,0,0,1,2,1,8,1,0.361111111,1
20191006,LG,WO,31,27,0,0,2,0,0,0,0,0,0,3,1,7,1,0.193548387,0
20191006,WO,LG,31,29,1,1,9,2,0,1,0,1,0,1,0,7,1,0.333333333,1
20191007,LG,WO,47,41,4,4,13,6,0,1,0,0,0,4,1,4,0,0.391304348,0
20191007,WO,LG,43,37,5,5,10,4,0,1,2,0,0,4,0,7,0,0.341463415,1
20191009,WO,LG,36,32,2,2,6,0,0,0,0,0,0,2,1,6,0,0.257142857,0
20191009,LG,WO,33,28,4,4,6,2,0,2,0,0,1,3,0,3,0,0.28125,1
20191010,WO,LG,44,36,9,10,10,6,0,1,4,0,1,6,1,7,0,0.386363636,1
20191010,LG,WO,43,38,5,5,13,0,2,1,0,0,1,3,0,6,1,0.380952381,0
20191014,WO,SK,52,45,3,3,13,4,0,0,2,0,0,6,1,16,0,0.384615385,1
20191014,SK,WO,43,36,0,0,6,2,0,0,0,1,0,5,1,8,0,0.285714286,0
20191015,WO,SK,41,39,8,8,14,10,0,1,2,0,0,2,0,13,1,0.390243902,1
20191015,SK,WO,36,35,7,7,8,2,0,3,2,0,0,0,1,6,0,0.25,0
20191017,SK,WO,39,36,1,1,8,0,0,0,0,0,0,3,0,11,1,0.282051282,0
20191017,WO,SK,41,38,9,10,13,6,0,0,2,0,0,3,0,4,0,0.390243902,1
20191022,WO,OB,42,36,6,6,9,2,0,0,4,0,1,5,0,6,1,0.333333333,0
20191022,OB,WO,41,37,6,7,12,2,0,0,2,0,0,4,0,5,1,0.390243902,1
20191023,WO,OB,38,32,5,5,9,2,2,0,0,0,2,4,0,6,2,0.342105263,0
20191023,OB,WO,37,32,5,6,9,2,0,1,0,1,1,4,0,8,1,0.351351351,1
20191025,OB,WO,40,35,5,5,8,2,2,1,4,0,0,4,1,11,0,0.325,1
20191025,WO,OB,32,28,0,0,4,0,0,0,0,1,0,4,0,2,1,0.25,0
20191026,OB,WO,50,42,10,11,14,10,0,0,2,0,0,6,1,11,1,0.428571429,1
20191026,WO,OB,50,44,7,9,12,8,0,0,0,0,0,5,0,4,1,0.346938776,0
